,Lattitude,Longitude,isStop,Stop
0,35.31180284042728,-80.73299882670594,yes,Wallis Hall E
1,35.311807217891705,-80.73288617392731,no,
2,35.311811595355884,-80.73285935183716,no,
3,35.31181597281984,-80.73280302544785,no,
4,35.31181597281984,-80.73272792359543,no,
5,35.31181378408789,-80.73263941069794,no,
6,35.31180940662382,-80.73257503768158,no,
7,35.31180284042728,-80.73251334687424,no,
8,35.31180065169498,-80.73247847815705,no,
9,35.31178970803259,-80.73238728305054,no,
10,35.31177876436871,-80.73230413457108,no,
11,35.311767820703366,-80.73217538853837,no,
12,35.31175249956939,-80.73198763390732,no,
13,35.31175031083572,-80.73190180321885,no,
14,35.31175031083572,-80.7317140485878,no,
15,35.31175249956939,-80.73156384488297,no,
16,35.31175468830298,-80.73141632338715,no,
17,35.31175906577002,-80.73127148410035,no,
18,35.31176344323681,-80.73120442887497,no,
19,35.31175906577002,-80.73109177609635,no,
20,35.31175249956939,-80.73100594540787,no,
21,35.31172185729272,-80.73089597483826,no,
22,35.31170872488487,-80.73082355519486,no,
23,35.3116846487983,-80.7307404067154,no,
24,35.31166495017667,-80.73067335149003,no,
25,35.311649629023215,-80.73063580056382,no,
26,35.31161898670758,-80.73061166068268,no,
27,35.31157958942756,-80.73052314778519,yes,Student Health E
28,35.31151734191187,-80.7304224037378,no,
29,35.311451679685334,-80.7302587889879,no,
30,35.31139258363587,-80.7302426957338,no,
31,35.31132473256288,-80.73016222946336,no,
32,35.311267825167455,-80.73007103435685,no,
33,35.31122623896855,-80.73002007238557,no,
34,35.311167142754385,-80.729918148443,no,
35,35.31111680150086,-80.72983231775453,no,
36,35.311075215224314,-80.72973575822999,no,
37,35.31104019518538,-80.72966333858659,no,
38,35.311009552638865,-80.72960701219728,no,
39,35.310957022532136,-80.72951313488176,no,
40,35.31092637995412,-80.72942730419328,no,
41,35.31089135985075,-80.7293226980417,no,
42,35.310876038550745,-80.72930928699662,no,
43,35.31084320718385,-80.72931196920564,no,
44,35.310727202914066,-80.72931196920564,no,
45,35.310696560249,-80.72931465141465,no,
46,35.310617764771216,-80.72932001583268,no,
47,35.31055866811251,-80.72933342687776,no,
48,35.31049519387543,-80.7293414735048,no,
49,35.31042953081915,-80.7293414735048,no,
50,35.31038794418927,-80.7293414735048,no,
51,35.31034854630966,-80.72934415571382,no,
52,35.310296015773666,-80.72934683792283,no,
53,35.31022816378085,-80.72935488454988,no,
54,35.310166878061,-80.72935756675889,no,
55,35.31013185762881,-80.72935756675889,no,
56,35.310099025959865,-80.72936024896791,no,
57,35.3100508728213,-80.72936293117692,no,
58,35.30999396452968,-80.72935756675889,no,
59,35.309880209319154,-80.72935220234086,no,
60,35.30979930860547,-80.72934415571382,no,
61,35.30974240013687,-80.72933879129579,no,
62,35.309681114049,-80.72934683792283,no,
63,35.30961763912332,-80.72934952013185,no,
64,35.30956510811268,-80.72935220234086,no,
65,35.30951038827365,-80.72935488454988,no,
66,35.309455668397604,-80.72936561338594,no,
67,35.309409703673126,-80.72935488454988,no,
68,35.30935498372898,-80.72934952013185,no,
69,35.30929369734759,-80.72934683792283,no,
70,35.30925429893502,-80.7293414735048,no,
71,35.309214900503285,-80.7293414735048,no,
72,35.30916674683843,-80.72935756675889,yes,Hickory Hall South
73,35.309068250616484,-80.72933879129579,no,
74,35.308998208785695,-80.72933610908677,no,
75,35.30895224380128,-80.72933879129579,no,
76,35.308897523547685,-80.72933342687776,no,
77,35.30884499206941,-80.72933879129579,no,
78,35.308809971064946,-80.72934683792283,no,
79,35.30876400597357,-80.72934415571382,no,
80,35.308724607303034,-80.72934952013185,no,
81,35.30868083097994,-80.72935220234086,no,
82,35.308604222357516,-80.72934952013185,no,
83,35.30856263478924,-80.72934952013185,no,
84,35.30851448073612,-80.7293591180604,no,
85,35.308464137831756,-80.72934374494322,no,
86,35.308398473126786,-80.72933033389815,no,
87,35.30827589886826,-80.72933838052519,no,
88,35.30817521273124,-80.72933301610716,no,
89,35.30806577113582,-80.72934910936125,no,
90,35.30798040658862,-80.72933838052519,no,
91,35.30791693032846,-80.72933569831618,no,
92,35.30780311070276,-80.72933301610716,no,
93,35.307730878934144,-80.72933569831618,no,
94,35.30765426941213,-80.7293571559883,no,
95,35.30757547097094,-80.72936520261534,no,
96,35.30750105015045,-80.72937324924239,no,
97,35.307433195813275,-80.72937861366042,no,
98,35.307378474532165,-80.72938129586943,no,
99,35.30731937550698,-80.72938666028746,no,
100,35.307266843003916,-80.72939202470549,no,
101,35.307198988470304,-80.72940811795958,no,
102,35.30714864474729,-80.72941884679564,no,
103,35.30708735669439,-80.72941616458662,no,
104,35.3070216908719,-80.72943225784071,yes,Fretwell S
105,35.3069272924154,-80.72942152900465,no,
106,35.30685168759187,-80.72940275354155,no,
107,35.30680248035493,-80.72938129586943,no,
108,35.306754220533804,-80.72935179157027,no,
109,35.30670387653402,-80.72927668971785,no,
110,35.30666009911744,-80.72918281240233,no,
111,35.306598810694425,-80.72906211299666,no,
112,35.30651344459929,-80.7289065448738,no,
113,35.30646528932639,-80.72878584546812,no,
114,35.30640837851239,-80.7286731926895,no,
115,35.30635584541777,-80.72853908223875,no,
116,35.30629893452677,-80.72842374725111,no,
117,35.30623545694728,-80.72832450551756,no,
118,35.30618292374037,-80.72822526378401,no,
119,35.30612382384183,-80.72817161960371,no,
120,35.30604064613371,-80.7281689373947,no,
121,35.305929012759464,-80.72817161960371,no,
122,35.305865534889726,-80.72817161960371,no,
123,35.30578454581119,-80.72819307727583,no,
124,35.30568166767562,-80.72819844169386,no,
125,35.30562490977324,-80.72817161960371,no,
126,35.30557693935392,-80.72818234843977,no,
127,35.30554362643355,-80.72819575948485,no,
128,35.305506415097305,-80.72822794599303,no,
129,35.30544074799161,-80.72826281471022,no,
130,35.30538164755092,-80.72826817912825,no,
131,35.30531160252827,-80.7282413570381,no,
132,35.30525687981212,-80.72820917052992,no,
133,35.305199968148074,-80.72820380611189,no,
134,35.305149623181116,-80.72823062820204,yes,Cato Hall S
135,35.30505549989799,-80.72825208587416,no,
136,35.30495918758796,-80.72825208587416,no,
137,35.30490446463345,-80.72826281471022,no,
138,35.30480815214362,-80.72826281471022,no,
139,35.30474686231767,-80.72825745029219,no,
140,35.30465273856599,-80.72825745029219,no,
141,35.30457393720131,-80.72825476808318,no,
142,35.304506080409105,-80.7282601325012,no,
143,35.304409767445044,-80.7282601325012,no,
144,35.30435504411892,-80.72825476808318,no,
145,35.3042762424643,-80.72825476808318,no,
146,35.30420838542242,-80.72824667137922,no,
147,35.304129583624956,-80.7282549245212,no,
148,35.30405078175073,-80.72826833556627,no,
149,35.303987302407364,-80.72826833556627,no,
150,35.303928200904956,-80.72826833556627,no,
151,35.30386691041243,-80.7282924754474,no,
152,35.30379029723148,-80.72834880183672,no,
153,35.30373557348638,-80.72841317485307,no,
154,35.30372243978204,-80.7284721834514,no,
155,35.303702739221556,-80.72854192088579,no,
156,35.3036764718001,-80.72864384482835,no,
157,35.303663338086174,-80.72878868411516,no,
158,35.303663338086174,-80.72891206572984,no,
159,35.303661149133646,-80.72900057862734,no,
160,35.30365896018107,-80.72906763385271,no,
161,35.30365239332294,-80.7291373712871,no,
162,35.30363269274539,-80.72923393081163,no,
163,35.303615181116875,-80.72929830382799,no,
164,35.30359329157591,-80.72934658359026,no,
165,35.303549512476195,-80.72939754556154,no,
166,35.30349916648224,-80.72944582532381,yes,Robinson Hall S
167,35.30347727690988,-80.72944850753282,no,
168,35.3034334977474,-80.72946996520494,no,
169,35.30335907311681,-80.72948874066805,no,
170,35.303291215305734,-80.72950215171312,no,
171,35.30321897950882,-80.72950483392214,no,
172,35.30314674364741,-80.72951824496721,no,
173,35.30309858637065,-80.72952897380327,no,
174,35.303039484219084,-80.7295879824016,no,
175,35.30300446070149,-80.72962821553682,no,
176,35.302984759966186,-80.72972209285234,no,
177,35.30298694893701,-80.72984279225801,no,
178,35.302991326878484,-80.72995812724565,no,
179,35.3029825709953,-80.73005468677019,no,
180,35.30297600408228,-80.73014051745866,no,
181,35.30298868992698,-80.7302907211635,no,
182,35.302992098057736,-80.7304167849872,no,
183,35.30298983163946,-80.73056967090105,no,
184,35.30297888678513,-80.73073060344194,no,
185,35.302976697814074,-80.73088080714678,no,
186,35.30297013090059,-80.73100418876146,no,
187,35.30294605221323,-80.73115975688432,no,
188,35.30291978454612,-80.7312992317531,no,
189,35.302889138923724,-80.73146552871202,no,
190,35.30284973739215,-80.73157818149065,no,
191,35.302816902767844,-80.73169888089632,no,
192,35.302799390962775,-80.73184372018312,no,
193,35.302799390962775,-80.73200465272402,no,
194,35.302805957890115,-80.73210121224855,no,
195,35.30280157993862,-80.73216826747392,no,
196,35.30276436734125,-80.73221654723619,no,
197,35.30271402085876,-80.73225678037142,no,
198,35.30264835148668,-80.73228360246156,no,
199,35.302611138818854,-80.73231310676073,no,
200,35.30256079224102,-80.73237211535906,no,
201,35.30251701258265,-80.73246062825655,no,
202,35.30245572102114,-80.73255450557207,no,
203,35.30238786245246,-80.73269934485887,no,
204,35.30235064966483,-80.73274226020311,no,
205,35.30225433413501,-80.73280931542848,no,
206,35.30219304237453,-80.73284686635469,no,
207,35.30212299459141,-80.73285223077272,no,
208,35.30205075775156,-80.73287905286287,no,
209,35.30199165483462,-80.73291660378908,no,
210,35.30196757585609,-80.73292733262514,no,
211,35.301921606877166,-80.73295951913332,yes,Levine Hall W
212,35.30187344887124,-80.73299466051732,no,
213,35.301803400811465,-80.7330382014351,no,
214,35.30171146264097,-80.7331106210785,no,
215,35.30164579245523,-80.73314280758667,no,
216,35.30157793320731,-80.7332205916481,no,
217,35.30151007390248,-80.73330105791855,no,
218,35.30143345848993,-80.73339225302506,no,
219,35.3013612210345,-80.73350222359467,no,
220,35.30131525171111,-80.73362560520935,no,
221,35.30127147137884,-80.73377580891419,no,
222,35.30122988004124,-80.73391796599198,no,
223,35.30120798985497,-80.73403330097962,no,
224,35.301194855740356,-80.7341915513115,no,
225,35.30119266672105,-80.73429615746308,no,
226,35.301183910643225,-80.73443295012284,no,
227,35.301183910643225,-80.73457778940964,no,
228,35.301183910643225,-80.73471189986039,no,
229,35.30118609966277,-80.73482455263901,no,
230,35.30119047770168,-80.73501230727005,no,
231,35.301199233778796,-80.7351464177208,no,
232,35.30119704475961,-80.73527784596253,no,
233,35.30119266672105,-80.73539049874115,no,
234,35.30118828868226,-80.73548705826569,no,
235,35.30119047770168,-80.73553802023697,no,
236,35.30119266672105,-80.73562653313446,yes,Hunt Hall
237,35.301218445904766,-80.73581965218354,no,
238,35.301205311791854,-80.73591621170807,no,
239,35.30120312277283,-80.73602350006867,no,
240,35.30119436669614,-80.73615761051941,no,
241,35.30120750081082,-80.73635072956849,no,
242,35.30120968982973,-80.73651702652741,no,
243,35.30120968982973,-80.73662699709702,no,
244,35.30122939099723,-80.73678256521988,no,
245,35.3012578482307,-80.73688985358048,no,
246,35.30131038463543,-80.73697300205994,no,
247,35.30136073199128,-80.73706687937546,no,
248,35.30141764635583,-80.73717416773606,no,
249,35.301492072772156,-80.73722781191636,no,
250,35.301568688129215,-80.73726804505158,no,
251,35.301640925399425,-80.73730291376877,no,
252,35.30171754061555,-80.737343146904,no,
253,35.301818234789266,-80.73736460457611,no,
254,35.301892660837126,-80.73736728678513,no,
255,35.301940818831625,-80.73735924015809,no,
256,35.30202039393128,-80.73735119353104,no,
257,35.30208663586785,-80.73735655794907,no,
258,35.30215887267567,-80.73735924015809,no,
259,35.30225956630019,-80.7373619223671,no,
260,35.302349314859896,-80.73735924015809,no,
261,35.30240185055597,-80.73736728678513,no,
262,35.302452197232704,-80.73736996899414,no,
263,35.30250911082955,-80.73738338003922,yes,Alumni Way W
264,35.30258572522363,-80.73742093096543,no,
265,35.30262950484482,-80.73747993956376,no,
266,35.30267766240077,-80.73753090153504,no,
267,35.30271268605982,-80.73756577025223,no,
268,35.30274770970371,-80.7376328254776,no,
269,35.30278492230873,-80.73772402058411,no,
270,35.302817756946006,-80.73778571139145,no,
271,35.30286372541581,-80.73789031754303,no,
272,35.30290093796748,-80.7379734660225,no,
273,35.30293596152988,-80.73804856787491,no,
274,35.30298630787428,-80.73807270775605,no,
275,35.303071677691015,-80.73804856787491,no,
276,35.303146102585956,-80.7379922414856,no,
277,35.30320958258931,-80.73794396172333,no,
278,35.303277440468854,-80.73789031754303,no,
279,35.30334092036916,-80.73785544882584,no,
280,35.30340440021966,-80.73782326231766,no,
281,35.30345036835618,-80.73778034697342,no,
282,35.30347882480856,-80.73774816046524,no,
283,35.30358608365449,-80.73767502409231,no,
284,35.303621106920325,-80.73763820730392,no,
285,35.30369334235822,-80.73755730086852,no,
286,35.30374806613188,-80.73748488122511,no,
287,35.30382030145644,-80.73741782599974,no,
288,35.30388596987734,-80.73734540635634,no,
289,35.30394288246569,-80.73729176217604,no,
290,35.30400417290067,-80.73724348241377,no,
291,35.30406108540586,-80.7371952026515,no,
292,35.30411143105017,-80.73715228730727,no,
293,35.304168343479915,-80.73711473638106,no,
294,35.3042121222448,-80.73709059649993,no,
295,35.30428216821932,-80.73707450324584,no,
296,35.30429311289736,-80.73706645661879,no,
297,35.30429311289736,-80.73706645661879,no,
298,35.304295301832795,-80.73704499894667,no,
299,35.304297490768164,-80.73700476581145,no,
300,35.304299679703476,-80.73693234616805,no,
301,35.30429311289736,-80.73688138419676,no,
302,35.30428435715504,-80.736744591537,no,
303,35.30428216821932,-80.73661316329527,no,
304,35.30428435715504,-80.73650319272566,no,
305,35.30428435715504,-80.73636103564787,no,
306,35.304286546090715,-80.73623765403319,no,
307,35.30428435715504,-80.73615450555373,no,
308,35.3042777903477,-80.73603380614806,no,
309,35.30427341247582,-80.73591847116042,no,
310,35.30426465673137,-80.7357709496646,no,
311,35.30426465673137,-80.73565829688597,no,
312,35.30427341247582,-80.73556710177947,no,
313,35.30427560141179,-80.73545176679183,no,
314,35.3042777903477,-80.7353203385501,no,
315,35.30427560141179,-80.73521573239852,no,
316,35.30427341247582,-80.7351406305461,no,
317,35.3042712235398,-80.7350682109027,no,
318,35.30427341247582,-80.73495019370604,yes,Cone Deck East
319,35.30426903460371,-80.73475171023894,no,
320,35.30426903460371,-80.73467929059554,no,
321,35.30426903460371,-80.73454518014479,no,
322,35.30426903460371,-80.73445398503829,no,
323,35.30426027885879,-80.73424209052611,no,
324,35.30426027885879,-80.73412407332945,no,
325,35.30425590098598,-80.73399532729674,no,
326,35.30424933417631,-80.73387194568205,no,
327,35.304251523112924,-80.73375929290343,no,
328,35.30426246779511,-80.73368323943419,no,
329,35.30426684566757,-80.73361444494024,no,
330,35.30426465673137,-80.73348806752793,no,
331,35.30426903460371,-80.73337273254029,no,
332,35.30427341247582,-80.7332493509256,no,
333,35.304299679703476,-80.73314474477402,no,
334,35.304323757988,-80.73305891408555,no,
335,35.30433251372605,-80.73297308339707,no,
336,35.30434126946316,-80.73288993491761,no,
337,35.30435002519931,-80.73278264655701,no,
338,35.30435440306703,-80.73272363795869,no,
339,35.304356592000815,-80.73260293855301,yes,Reese East
340,35.30435221413321,-80.73250369681946,no,
341,35.304356592000815,-80.73241518392197,no,
342,35.30435440306703,-80.73235617532364,no,
343,35.30435221413321,-80.73232130660645,no,
344,35.30435002519931,-80.73232130660645,no,
345,35.30427341247582,-80.73230789556138,no,
346,35.30422306693231,-80.73230521335236,no,
347,35.30413550939072,-80.73229984893433,no,
348,35.30405232963844,-80.73229984893433,no,
349,35.30397571663306,-80.73230789556138,no,
350,35.303829057248976,-80.73230789556138,no,
351,35.30376995563098,-80.73231057777039,no,
352,35.30368896445473,-80.7323132599794,no,
353,35.30364080750069,-80.73230789556138,no,
354,35.303542304550874,-80.7322944845163,no,
355,35.30342847877063,-80.73228375568024,no,
356,35.30334529829148,-80.73228912009827,no,
357,35.303305896982046,-80.73228912009827,no,
358,35.30317751598722,-80.732240840336,no,
359,35.30311899992301,-80.73221938266389,no,
360,35.30303011187469,-80.73219524278275,no,
361,35.30296424612001,-80.73218987836472,no,
362,35.30291389976189,-80.73218987836472,no,
363,35.302835096703674,-80.73220865382783,no,
364,35.30278037231254,-80.7322220648729,no,
365,35.302699380145725,-80.73223547591797,no,
366,35.30265778954208,-80.73224888696305,no,
367,35.30260087604981,-80.73225961579911,no,
368,35.30254615150025,-80.7322569335901,no,
369,35.302508938785415,-80.7322220648729,no,
370,35.30247829300742,-80.7321684206926,no,
371,35.30246078112905,-80.73202626361481,no,
372,35.30246297011406,-80.73199944152466,no,
373,35.30247610402282,-80.7319511617624,no,
374,35.30251550573634,-80.73190019979111,no,
375,35.30255928539552,-80.73185192002884,no,
376,35.30261182095528,-80.73182241572968,no,
377,35.30266654546041,-80.73177413596741,no,
378,35.30270375810276,-80.73172317399613,no,
379,35.302740970727996,-80.73167221202485,no,
380,35.30278037231254,-80.73159442796342,no,
381,35.30280226207343,-80.73147909297577,no,
382,35.30282415182841,-80.73139862670533,no,
383,35.30283728567854,-80.73131011380784,no,
384,35.30286355337243,-80.73116527452103,no,
385,35.30288325413725,-80.73104725732438,no,
386,35.302889821057796,-80.7308890069925,no,
387,35.30288325413725,-80.73079244746796,no,
388,35.302881065163625,-80.73069588794343,no,
389,35.30287230926851,-80.73061273946396,no,
390,35.30286574234654,-80.73048667564026,no,
391,35.30286574234654,-80.73034451856248,no,
392,35.30285698644976,-80.73017553939454,no,
393,35.30286574234654,-80.73007361545197,no,
394,35.30287012029458,-80.7299341405832,no,
395,35.302876687216184,-80.72982148780457,no,
396,35.302878876189936,-80.72973029269806,no,
397,35.3028963879778,-80.72967396630875,no,
398,35.302916088734634,-80.72968087695925,no,
399,35.30296205714858,-80.72963363634777,no,
400,35.303038671113775,-80.72955284197567,no,
401,35.303108718104184,-80.72949651558636,no,
402,35.30316563123924,-80.72947774012326,no,
403,35.30322035536982,-80.72947774012326,no,
404,35.30328821324032,-80.72947774012326,no,
405,35.303336370404224,-80.72946969349621,no,
406,35.30339547233893,-80.72947774012326,yes,Robinson Hall N
407,35.30345457423047,-80.72945091803311,no,
408,35.30351367607883,-80.7294133671069,no,
409,35.303577155793796,-80.7293597229266,no,
410,35.30362093487855,-80.72928193886517,no,
411,35.30364720231803,-80.72919879038571,no,
412,35.30366471393962,-80.72909954865216,no,
413,35.303673469748986,-80.72889838297604,no,
414,35.30368660346127,-80.72879109461545,no,
415,35.303697548219866,-80.72863016207455,no,
416,35.30371724878163,-80.72846118290661,no,
417,35.30374351618985,-80.72839144547223,no,
418,35.303791673082756,-80.72831097920178,no,
419,35.30383545205144,-80.72826269943951,no,
420,35.30389236467531,-80.72823587734936,no,
421,35.303993056142566,-80.7282251485133,no,
422,35.30406310230675,-80.7282251485133,no,
423,35.30411782583032,-80.72822783072232,no,
424,35.304198816577276,-80.7282251485133,no,
425,35.30425572894556,-80.7282259418137,no,
426,35.30431483020871,-80.72824056108942,no,
427,35.30437612036194,-80.72824561417953,no,
428,35.30442646581021,-80.72824561417953,no,
429,35.30450964517785,-80.72824561417953,no,
430,35.304588446605145,-80.72824293197051,no,
431,35.30467381473146,-80.72823756755248,no,
432,35.30474167138298,-80.72823220313445,no,
433,35.30480077229117,-80.72822952092544,no,
434,35.30486206207628,-80.72822952092544,no,
435,35.30492116289652,-80.72822683871642,no,
436,35.30497150800564,-80.7282214742984,no,
437,35.30501090850397,-80.7282214742984,no,
438,35.30510284292544,-80.72821342767135,yes,Cato Hall N
439,35.30510284292544,-80.72821342767135,no,
440,35.30518821050899,-80.72819465220824,no,
441,35.30525606672909,-80.72815441907302,no,
442,35.305299844905406,-80.7281141859378,no,
443,35.30534362305803,-80.72804444850341,no,
444,35.30536988993825,-80.72799348653213,no,
445,35.30540929024255,-80.72794520676986,no,
446,35.30544869052769,-80.72791838467971,no,
447,35.30550122421136,-80.72792911351577,no,
448,35.305549380058075,-80.72796666444198,no,
449,35.30557783577221,-80.72800957978622,no,
450,35.305601913676355,-80.72805785954849,no,
451,35.305610669276085,-80.72813063733255,no,
452,35.30566976954948,-80.72810894000295,no,
453,35.305731058676294,-80.72811698663,no,
454,35.305836125642806,-80.72811966883901,no,
455,35.3059193035612,-80.72812771546606,no,
456,35.305993725836736,-80.72813039767507,no,
457,35.30610317023523,-80.72814649092916,no,
458,35.30616227014887,-80.72817599522833,no,
459,35.30622355890258,-80.72823232161764,no,
460,35.30627390320126,-80.72830474126104,no,
461,35.3063154919461,-80.72838520753149,no,
462,35.30634613627072,-80.72845226275686,no,
463,35.30637678058374,-80.72853272902731,no,
464,35.30640742488515,-80.72861319529775,no,
465,35.30643588029749,-80.72869097935919,no,
466,35.306477468959066,-80.7287660812116,no,
467,35.30652781309975,-80.72885727631811,no,
468,35.30657159058791,-80.72895920026068,no,
469,35.30663506790366,-80.72908794629339,no,
470,35.306659145493164,-80.72912281501058,no,
471,35.306696356299206,-80.72920059907202,no,
472,35.306737944826885,-80.72927301871542,no,
473,35.30675764464832,-80.72931861626867,no,
474,35.306799233144496,-80.72937226044897,no,
475,35.306843010485785,-80.72940444695715,no,
476,35.306884598938076,-80.7294151757932,no,
477,35.306899920994056,-80.72941785800222,no,
478,35.30695683146229,-80.72942590462927,no,
479,35.30702030847577,-80.72942054021124,no,
480,35.30707940771942,-80.72941249358419,no,
481,35.3071319403442,-80.72939908253912,no,
482,35.30721730578671,-80.72938298928503,no,
483,35.30729391572253,-80.72936689603094,no,
484,35.30735520361895,-80.7293588494039,no,
485,35.30742743572297,-80.72935616719488,no,
486,35.307451993330076,-80.72934812056783,no,
487,35.30750528634699,-80.7293427561498,no,
488,35.30753759022709,-80.72934007394079,no,
489,35.30759702394561,-80.72932934510473,yes,Fretwell N
490,35.30764955623427,-80.72932934510473,no,
491,35.30774586534155,-80.72932666289572,no,
492,35.307831230136244,-80.72933470952276,no,
493,35.30793848321215,-80.72933739173178,no,
494,35.30800633712552,-80.7293427561498,no,
495,35.30807419098196,-80.72935616719488,no,
496,35.30808294631414,-80.72938298928503,no,
497,35.30809170164536,-80.72943663346533,no,
498,35.30809389047802,-80.72950905310873,no,
499,35.308096079310616,-80.72958683717016,no,
500,35.308096079310616,-80.7296673034406,no,
501,35.308098268143155,-80.72978532063726,no,
502,35.30810045697564,-80.72986846911672,no,
503,35.30810045697564,-80.72992747771505,no,
504,35.30810045697564,-80.72997288301083,no,
505,35.308098268143155,-80.73011716200767,no,
506,35.30808732397987,-80.73024703379726,no,
507,35.30809170164536,-80.73038879025864,no,
508,35.308098268143155,-80.7305154521808,no,
509,35.308098268143155,-80.73061469391435,no,
510,35.30810045697564,-80.7306951601848,no,
511,35.308098268143155,-80.73084268168061,no,
512,35.308104834640424,-80.73097947434037,no,
513,35.308102645808056,-80.731092127119,no,
514,35.30810045697564,-80.73122087315171,no,
515,35.308098268143155,-80.73137644127458,no,
516,35.308098268143155,-80.7315239627704,no,
517,35.308102645808056,-80.73163393334,no,
518,35.30810045697564,-80.73171171740144,no,
519,35.30809170164536,-80.73184046343415,no,
520,35.30809170164536,-80.73197725609391,no,
521,35.308098268143155,-80.73207918003648,no,
522,35.30810045697564,-80.73222401932328,no,
523,35.30810045697564,-80.73234203651994,no,
524,35.308102645808056,-80.73248687580674,no,
525,35.30810702347272,-80.73257807091325,no,
526,35.30810702347272,-80.73268535927384,yes,Student Union W
527,35.30811140113715,-80.73274436787217,no,
528,35.30811577880134,-80.73286506727784,no,
529,35.30811796763334,-80.73305013969987,no,
530,35.308122345297186,-80.7332003434047,no,
531,35.30812672296078,-80.7333076317653,no,
532,35.30812453412901,-80.7334524710521,no,
533,35.308122345297186,-80.73354366615861,no,
534,35.308113589969274,-80.73366972998231,no,
535,35.308113589969274,-80.73369118765443,no,
536,35.308109212304956,-80.73379479928325,no,
537,35.30808951281264,-80.73392315484399,no,
538,35.30806105798194,-80.73407932087046,no,
539,35.308045736145864,-80.73421719572471,no,
540,35.30803698080967,-80.73432462966916,no,
541,35.3080238478036,-80.73445337570188,no,
542,35.30800633712552,-80.73453652418134,no,
543,35.30799758178506,-80.73463308370587,no,
544,35.30798882644365,-80.7347832874107,no,
545,35.3079735045939,-80.73491739786145,no,
546,35.307955993904926,-80.73505955493924,no,
547,35.307949427395585,-80.73522048748013,no,
548,35.30794723855901,-80.73536800897595,no,
549,35.30794723855901,-80.7355021194267,no,
550,35.30794286088571,-80.73567914522168,no,
551,35.30794286088571,-80.73582130229947,no,
552,35.307945049722385,-80.73601978576657,no,
553,35.307949427395585,-80.73615926063535,no,
554,35.30795161623208,-80.736277277832,no,
555,35.307962560413735,-80.73636310852048,no,
556,35.30796037157752,-80.7364382103729,no,
557,35.30796037157752,-80.73645430362699,no,
558,35.30801071479539,-80.73645966804501,no,
559,35.30806762448222,-80.73646235025403,no,
560,35.30813985595015,-80.73645966804501,no,
561,35.3082230315,-80.73644893920896,no,
562,35.30827994103746,-80.73644357479093,no,
563,35.308332472882654,-80.73644893920896,no,
564,35.308406892938294,-80.73645162141797,no,
565,35.308487879391656,-80.73645162141797,no,
566,35.308555732844205,-80.73644357479093,no,
567,35.308599509234995,-80.73644089258191,no,
568,35.3086432856021,-80.73644625699994,no,
569,35.30870019484393,-80.73644893920896,no,
570,35.308759292860366,-80.73644893920896,no,
571,35.30881380601165,-80.73645162141797,no,
572,35.30889101486983,-80.73645430362699,no,
573,35.3089788669219,-80.73645430362699,no,
574,35.30903460231773,-80.73645162141797,no,
575,35.30911835112188,-80.736456985836,no,
576,35.30922560249133,-80.73645430362699,no,
577,35.30931972092288,-80.7364382103729,no,
578,35.309389762475284,-80.73643284595487,no,
579,35.309453237579774,-80.73642479932782,no,
580,35.309529845398174,-80.73640602386472,no,
581,35.309571432469205,-80.73640602386472,no,
582,35.30961301951886,-80.73639529502866,no,
583,35.3096436625944,-80.73637920177457,yes,Union Deck
584,35.3097158926551,-80.73636042631146,no,
585,35.30978593386448,-80.73631751096723,no,
586,35.30985597501322,-80.73629337108609,no,
587,35.309952281493715,-80.73625045574185,no,
588,35.31003107761975,-80.73618876493451,no,
589,35.3100901746639,-80.73613780296323,no,
590,35.31014489411073,-80.73610293424603,no,
591,35.31017772576106,-80.73608415878293,no,
592,35.31023901147269,-80.73605197227475,no,
593,35.31031561854694,-80.73602783239362,no,
594,35.31036596029908,-80.73599832809445,no,
595,35.3104425672531,-80.73595740751647,no,
596,35.31053230673553,-80.73593151134355,no,
597,35.3106242348826,-80.73591503966698,no,
598,35.310700841592016,-80.73589358199486,no,
599,35.31077525946884,-80.73589089978584,no,
600,35.31089564118346,-80.73589089978584,no,
601,35.310954737595985,-80.73590699303993,no,
602,35.311042287757395,-80.73592040408501,no,
603,35.3111517253259,-80.73592576850304,no,
604,35.31125021901096,-80.73593113292107,no,
605,35.311350901320615,-80.73592308629402,no,
606,35.31142750734184,-80.73590967524895,no,
607,35.311490980847324,-80.73588017094978,no,
608,35.311569775474496,-80.73581579793343,no,
609,35.31163762634194,-80.73575410712608,no,
610,35.311696722212375,-80.7357031451548,no,
611,35.31178208283789,-80.7355958567942,no,
612,35.31182585748269,-80.73553416598686,no,
613,35.311841178602776,-80.73549661506065,no,
614,35.311911217971925,-80.73532763589272,no,
615,35.31192216161788,-80.73524985183128,no,
616,35.311928727804734,-80.73515597451576,no,
617,35.31193748271971,-80.73507550824532,no,
618,35.311948426362115,-80.73497626651177,no,
619,35.31195061509042,-80.73491725791344,no,
620,35.31192216161788,-80.73477241862663,no,
621,35.311902463054096,-80.7346758591021,no,
622,35.31188714194562,-80.73454711306938,no,
623,35.3118696321038,-80.73443714249977,no,
624,35.31185212225821,-80.73430571425804,no,
625,35.31184555606512,-80.73416087497124,no,
626,35.31183680114019,-80.73404822219261,no,
627,35.3118280462143,-80.73391411174187,no,
628,35.31182366875101,-80.73382291663536,no,
629,35.31182148001927,-80.73371562827477,no,
630,35.31181710255562,-80.73361906875023,no,
631,35.31181491382372,-80.7335600601519,no,
632,35.311808347627604,-80.7334339963282,no,
633,35.311808347627604,-80.73339912761101,no,
634,35.3118105363597,-80.73331597913155,no,
635,35.31181491382372,-80.73325697053322,no,
636,35.311812725091734,-80.73319527972588,no,
637,35.311812725091734,-80.73312286008247,no,
638,35.3118105363597,-80.73307189811119,no,