,Date,Time,Bus,Count,On off,Latitude,Longitude,Route,Stop,CorrectStop
59,11/13/2019,6:53:49,2402,1,off,35.309925079,-80.741851807,Silver,EPIC N,EPIC S
61,11/13/2019,6:53:51,2402,1,on,35.309925079,-80.741851807,Silver,EPIC N,EPIC S
70,11/13/2019,6:58:48,2407,1,on,35.309871674,-80.741836548,Silver,EPIC N,EPIC S
100,11/13/2019,7:08:08,2409,1,on,35.30991745,-80.741874695,Silver,EPIC N,EPIC S
121,11/13/2019,7:15:26,2410,1,off,35.307945251,-80.734840393,Silver,CRI Deck,Woodward Hall East
129,11/13/2019,7:16:52,2410,1,on,35.308105469,-80.732788086,Silver,CRI Deck,Student Union E
130,11/13/2019,7:17:36,2410,6,off,35.308094025,-80.732795715,Silver,CRI Deck,Student Union E
146,11/13/2019,7:21:48,2410,4,on,35.308818817,-80.725097656,Silver,CRI Deck,Lot 6
149,11/13/2019,7:23:28,2410,1,on,35.306358337,-80.726844788,Silver,CRI Deck,East Deck 2
154,11/13/2019,7:24:42,2410,3,off,35.307559967,-80.729301453,Silver,CRI Deck,Fretwell N
160,11/13/2019,7:25:48,2410,1,on,35.308197021,-80.732627869,Silver,CRI Deck,Student Union W
162,11/13/2019,7:25:54,2410,2,off,35.308193207,-80.732627869,Silver,CRI Deck,Student Union W
180,11/13/2019,7:29:45,2410,1,off,35.309402466,-80.741333008,Silver,CRI Deck,EPIC S
199,11/13/2019,7:33:57,2410,2,on,35.309436798,-80.74407959,Silver,PORTAL East,CRI Deck
216,11/13/2019,7:36:57,2410,3,on,35.312320709,-80.741737366,Silver,CRI Deck,Duke Centennial Hall East
226,11/13/2019,7:38:55,2410,2,on,35.309928894,-80.741867065,Silver,CRI Deck,EPIC S
240,11/13/2019,7:41:41,2410,1,on,35.30809021,-80.732780457,Silver,CRI Deck,Student Union E
245,11/13/2019,7:42:41,2410,8,off,35.308135986,-80.730445862,Silver,CRI Deck,Aux Services East
261,11/13/2019,7:46:07,2410,19,on,35.308807373,-80.725097656,Silver,CRI Deck,Lot 6
266,11/13/2019,7:47:14,2402,1,off,35.309883118,-80.741836548,Silver,EPIC N,EPIC S
269,11/13/2019,7:47:33,2410,6,on,35.307231903,-80.725265503,Silver,CRI Deck,Lot 5A
271,11/13/2019,7:48:11,2410,2,off,35.306362152,-80.726745605,Silver,CRI Deck,East Deck 2
277,11/13/2019,7:49:45,2410,1,on,35.307514191,-80.729385376,Silver,CRI Deck,Fretwell N
279,11/13/2019,7:49:47,2410,6,off,35.307514191,-80.729385376,Silver,CRI Deck,Fretwell N
290,11/13/2019,7:51:27,2410,15,off,35.308181763,-80.732650757,Silver,CRI Deck,Student Union W
292,11/13/2019,7:51:37,2410,3,on,35.308181763,-80.732658386,Silver,CRI Deck,Student Union W
302,11/13/2019,7:53:33,2407,1,on,35.309921265,-80.741851807,Silver,EPIC N,EPIC S
308,11/13/2019,7:55:39,2410,5,off,35.310894012,-80.741500854,Silver,CRI Deck,Grigg Hall W
316,11/13/2019,7:56:45,2410,1,off,35.31300354,-80.741127014,Silver,CRI Deck,Motor Sports
324,11/13/2019,7:58:23,2409,2,on,35.309890747,-80.741836548,Silver,EPIC N,EPIC S
327,11/13/2019,7:59:17,2410,1,off,35.309436798,-80.744033813,Silver,PORTAL East,CRI Deck
333,11/13/2019,8:00:27,2410,1,on,35.309436798,-80.744033813,Silver,PORTAL East,CRI Deck
344,11/13/2019,8:03:21,2410,1,off,35.312408447,-80.741737366,Silver,CRI Deck,Duke Centennial Hall East
372,11/13/2019,8:11:00,2410,2,on,35.310398102,-80.726753235,Silver,CRI Deck,Martin Hall
377,11/13/2019,8:12:38,2410,1,on,35.3072052,-80.725280762,Silver,CRI Deck,Lot 5A
379,11/13/2019,8:12:49,2402,1,on,35.30991745,-80.741874695,Silver,EPIC N,EPIC S
384,11/13/2019,8:14:27,2410,2,off,35.307556152,-80.72933197,Silver,CRI Deck,Fretwell N
394,11/13/2019,8:16:08,2410,1,on,35.308128357,-80.732711792,Silver,CRI Deck,Student Union W
404,11/13/2019,8:18:50,2410,2,off,35.30934906,-80.741325378,Silver,CRI Deck,EPIC S
435,11/13/2019,8:26:30,2410,1,on,35.309440613,-80.744056702,Silver,PORTAL East,CRI Deck
456,11/13/2019,8:31:07,2410,1,on,35.309913635,-80.741874695,Silver,EPIC N,EPIC S
528,11/13/2019,8:43:09,2402,3,on,35.309909821,-80.741859436,Silver,EPIC N,EPIC S
585,11/13/2019,8:53:04,2407,7,on,35.309913635,-80.74181366,Silver,EPIC N,EPIC S
601,11/13/2019,8:55:42,2409,3,on,35.309894562,-80.741821289,Silver,EPIC N,EPIC S
634,11/13/2019,8:59:37,2410,1,on,35.309936523,-80.741867065,Silver,EPIC N,EPIC S
719,11/13/2019,9:11:51,2402,3,on,35.309906006,-80.741882324,Silver,EPIC N,EPIC S
769,11/13/2019,9:22:13,2407,1,on,35.309867859,-80.741821289,Silver,EPIC N,EPIC S
806,11/13/2019,9:30:47,2411,3,on,35.309921265,-80.741836548,Silver,EPIC N,EPIC S
841,11/13/2019,9:36:42,2410,4,on,35.309921265,-80.741836548,Silver,EPIC N,EPIC S
947,11/13/2019,9:53:11,2407,1,off,35.309944153,-80.742034912,Silver,EPIC N,EPIC S
950,11/13/2019,9:53:26,2407,10,on,35.309944153,-80.742042542,Silver,EPIC N,EPIC S
986,11/13/2019,9:58:44,2409,1,off,35.309898376,-80.74181366,Silver,EPIC N,EPIC S
987,11/13/2019,9:58:46,2409,2,on,35.309898376,-80.74181366,Silver,EPIC N,EPIC S
1065,11/13/2019,10:10:10,2401,8,on,35.307247162,-80.729644775,Green,Fretwell S,Fretwell N
1066,11/13/2019,10:10:11,2410,1,on,35.309947968,-80.741867065,Silver,EPIC N,EPIC S
1089,11/13/2019,10:12:55,2408,1,off,35.308113098,-80.729858398,Gold,Fretwell N,Aux Services East
1090,11/13/2019,10:12:57,2408,2,on,35.308113098,-80.729858398,Gold,Fretwell N,Aux Services East
1091,11/13/2019,10:13:11,2403,2,on,35.307121277,-80.729499817,Gold,Fretwell N,Fretwell S
1092,11/13/2019,10:13:21,2403,10,off,35.306945801,-80.729408264,Gold,Fretwell N,Fretwell S
1114,11/13/2019,10:15:23,2403,3,off,35.305130005,-80.727920532,Gold,Fretwell N,Cato Hall N
1123,11/13/2019,10:16:53,2403,1,off,35.303592682,-80.729530334,Gold,Fretwell N,Robinson Hall S
1126,11/13/2019,10:17:20,2409,1,off,35.307174683,-80.728858948,Silver,Fretwell N,Fretwell S
1134,11/13/2019,10:18:27,2403,1,off,35.302093506,-80.732696533,Gold,Fretwell N,Levine Hall E
1139,11/13/2019,10:18:56,2403,5,on,35.302017212,-80.732673645,Gold,Fretwell N,Levine Hall E
1152,11/13/2019,10:20:19,2403,2,off,35.301456451,-80.735565186,Gold,Fretwell N,Hunt Hall
1153,11/13/2019,10:20:21,2403,2,on,35.30147934,-80.735580444,Gold,Fretwell N,Hunt Hall
1157,11/13/2019,10:21:24,2411,2,on,35.308082581,-80.729736328,Silver,East Deck 2,Aux Services East
1158,11/13/2019,10:21:34,2412,1,on,35.308349609,-80.735084534,Green,Belk Hall S,Woodward Hall East
1165,11/13/2019,10:22:40,2412,4,off,35.308074951,-80.732650757,Green,Belk Hall S,Student Union E
1166,11/13/2019,10:22:46,2411,2,off,35.30821991,-80.732711792,Silver,East Deck 2,Student Union W
1167,11/13/2019,10:22:50,2411,3,on,35.308216095,-80.732711792,Silver,East Deck 2,Student Union W
1175,11/13/2019,10:23:52,2412,1,off,35.308013916,-80.730308533,Green,Belk Hall S,Aux Services East
1178,11/13/2019,10:24:06,2403,1,off,35.304359436,-80.732345581,Gold,Fretwell N,Reese East
1184,11/13/2019,10:24:56,2412,1,on,35.307086945,-80.729560852,Green,Belk Hall S,Fretwell S
1185,11/13/2019,10:24:58,2412,2,off,35.307086945,-80.729560852,Green,Belk Hall S,Fretwell S
1188,11/13/2019,10:25:27,2411,5,off,35.309604645,-80.741592407,Silver,East Deck 2,EPIC S
1194,11/13/2019,10:26:26,2403,2,on,35.303260803,-80.729179382,Gold,Fretwell N,Robinson Hall N
1197,11/13/2019,10:27:04,2412,4,off,35.303539276,-80.729545593,Green,Belk Hall S,Robinson Hall S
1198,11/13/2019,10:27:05,2411,1,off,35.310928345,-80.741477966,Silver,East Deck 2,Grigg Hall W
1202,11/13/2019,10:27:20,2401,2,on,35.314945221,-80.733474731,Green,North Deck,Wallis Hall W/Light Rail
1212,11/13/2019,10:29:38,2412,1,off,35.304725647,-80.735580444,Green,Belk Hall S,Cone Deck East
1217,11/13/2019,10:30:51,2411,2,off,35.309528351,-80.744110107,Silver,East Deck 2,CRI Deck
1222,11/13/2019,10:32:12,2401,1,off,35.310749054,-80.736763,Green,Wallis Hall W/Light Rail,Belk Hall S
1223,11/13/2019,10:32:20,2401,2,on,35.310562134,-80.736587524,Green,Wallis Hall W/Light Rail,Belk Hall S
1225,11/13/2019,10:32:37,2411,1,on,35.31231308,-80.741767883,Silver,East Deck 2,Duke Centennial Hall East
1226,11/13/2019,10:33:06,2412,7,on,35.301105499,-80.735679626,Green,Belk Hall S,South Village Deck
1231,11/13/2019,10:34:21,2407,9,off,35.308349609,-80.730712891,Silver,Woodward Hall East,Aux Services East
1232,11/13/2019,10:34:31,2411,1,off,35.309890747,-80.741821289,Silver,East Deck 2,EPIC S
1233,11/13/2019,10:34:33,2411,2,on,35.309890747,-80.741821289,Silver,East Deck 2,EPIC S
1234,11/13/2019,10:34:36,2412,1,on,35.302185059,-80.73274231,Green,Belk Hall S,Levine Hall E
1236,11/13/2019,10:34:50,2401,1,off,35.309059143,-80.733802795,Green,Belk Hall S,Student Union E
1237,11/13/2019,10:35:03,2407,6,on,35.308345795,-80.730712891,Silver,Woodward Hall East,Aux Services East
1241,11/13/2019,10:35:28,2401,8,on,35.309074402,-80.733818054,Green,Belk Hall S,Student Union E
1245,11/13/2019,10:37:00,2401,5,off,35.30928421,-80.731697083,Green,Belk Hall S,Student Union W
1246,11/13/2019,10:37:04,2412,3,on,35.30487442,-80.727981567,Green,Belk Hall S,Cato Hall N
1247,11/13/2019,10:37:06,2412,4,off,35.30487442,-80.727981567,Green,Belk Hall S,Cato Hall N
1251,11/13/2019,10:38:22,2401,2,on,35.307765961,-80.730392456,Green,Belk Hall S,Aux Services East
1252,11/13/2019,10:38:24,2401,9,off,35.307765961,-80.730392456,Green,Belk Hall S,Aux Services East
1254,11/13/2019,10:38:36,2412,3,off,35.307655334,-80.729316711,Green,Belk Hall S,Fretwell N
1255,11/13/2019,10:38:37,2407,8,off,35.308792114,-80.725311279,Silver,Woodward Hall East,Lot 6
1256,11/13/2019,10:38:42,2412,1,on,35.307678223,-80.729354858,Green,Belk Hall S,Fretwell N
1257,11/13/2019,10:38:43,2411,3,off,35.30803299,-80.730316162,Silver,East Deck 2,Aux Services East
1258,11/13/2019,10:38:45,2411,7,on,35.30803299,-80.730316162,Silver,East Deck 2,Aux Services East
1261,11/13/2019,10:38:51,2407,18,on,35.308868408,-80.725311279,Silver,Woodward Hall East,Lot 6
1265,11/13/2019,10:40:38,2401,3,off,35.303840637,-80.729927063,Green,Belk Hall S,Robinson Hall S
1266,11/13/2019,10:40:41,2407,2,off,35.305805206,-80.727371216,Silver,Woodward Hall East,East Deck 2
1267,11/13/2019,10:40:45,2411,2,on,35.31054306,-80.729148865,Silver,East Deck 2,Student Health N
1268,11/13/2019,10:40:47,2407,8,on,35.305831909,-80.727539063,Silver,Woodward Hall East,East Deck 2
1275,11/13/2019,10:42:04,2412,1,on,35.313564301,-80.731880188,Green,Belk Hall S,North Deck
1276,11/13/2019,10:42:09,2401,5,off,35.304416656,-80.732818604,Green,Belk Hall S,Reese East
1279,11/13/2019,10:42:31,2407,3,on,35.305900574,-80.727607727,Silver,Woodward Hall East,East Deck 2
1280,11/13/2019,10:42:39,2407,7,off,35.305900574,-80.727607727,Silver,Woodward Hall East,East Deck 2
1285,11/13/2019,10:43:55,2407,9,off,35.305900574,-80.727607727,Silver,Woodward Hall East,East Deck 2
1291,11/13/2019,10:44:33,2401,1,off,35.301330566,-80.735977173,Green,Belk Hall S,South Village Deck
1292,11/13/2019,10:44:43,2407,12,on,35.305900574,-80.727607727,Silver,Woodward Hall East,East Deck 2
1299,11/13/2019,10:45:37,2401,10,on,35.301280975,-80.735916138,Green,Belk Hall S,South Village Deck
1302,11/13/2019,10:45:42,2412,1,off,35.311828613,-80.733261108,Green,Belk Hall S,Wallis Hall E/Light Rail
1304,11/13/2019,10:45:48,2412,4,on,35.311824799,-80.733261108,Green,Belk Hall S,Wallis Hall E/Light Rail
1307,11/13/2019,10:46:24,2410,5,on,35.309726715,-80.741622925,Silver,EPIC N,EPIC S
1312,11/13/2019,10:47:19,2401,3,on,35.302440643,-80.733062744,Green,Belk Hall S,Levine Hall W
1319,11/13/2019,10:48:43,2407,16,off,35.305900574,-80.727607727,Silver,Woodward Hall East,East Deck 2
1324,11/13/2019,10:49:07,2401,3,on,35.303668976,-80.729766846,Green,Belk Hall S,Robinson Hall S
1331,11/13/2019,10:50:11,2401,2,on,35.305408478,-80.728477478,Green,Belk Hall S,Cato Hall S
1335,11/13/2019,10:50:53,2407,6,off,35.305900574,-80.727607727,Silver,Woodward Hall East,East Deck 2
1343,11/13/2019,10:52:11,2401,11,off,35.307796478,-80.729576111,Green,Belk Hall S,Fretwell N
1344,11/13/2019,10:52:15,2407,3,off,35.305900574,-80.727607727,Silver,Woodward Hall East,East Deck 2
1351,11/13/2019,10:53:01,2407,2,on,35.305900574,-80.727607727,Silver,Woodward Hall East,East Deck 2
1360,11/13/2019,10:54:03,2401,1,off,35.310619354,-80.729187012,Green,Belk Hall S,Student Health N
1361,11/13/2019,10:54:45,2412,4,off,35.305484772,-80.72882843,Green,Fretwell S,Cato Hall S
1365,11/13/2019,10:55:03,2407,7,on,35.305900574,-80.727607727,Silver,Woodward Hall East,East Deck 2
1371,11/13/2019,10:56:07,2401,8,on,35.314239502,-80.732093811,Green,Belk Hall S,North Deck
1374,11/13/2019,10:56:20,2402,9,on,35.307857513,-80.730407715,Silver,EPIC N,Aux Services East
1376,11/13/2019,10:56:22,2402,23,off,35.307746887,-80.730377197,Silver,EPIC N,Aux Services East
1379,11/13/2019,10:57:13,2407,1,on,35.305900574,-80.727607727,Silver,Woodward Hall East,East Deck 2
1385,11/13/2019,10:58:16,2410,6,on,35.307800293,-80.729553223,Silver,East Deck 2,Fretwell N
1386,11/13/2019,10:58:18,2410,7,off,35.307800293,-80.729553223,Silver,East Deck 2,Fretwell N
1393,11/13/2019,10:59:27,2407,3,off,35.305900574,-80.727607727,Silver,Woodward Hall East,East Deck 2
1394,11/13/2019,10:59:31,2401,1,off,35.311748505,-80.733055115,Green,Belk Hall S,Wallis Hall E/Light Rail
1395,11/13/2019,10:59:47,2401,8,on,35.311695099,-80.733009338,Green,Belk Hall S,Wallis Hall E/Light Rail
1403,11/13/2019,11:00:40,2407,5,off,35.305900574,-80.727607727,Silver,Woodward Hall East,East Deck 2
1404,11/13/2019,11:00:46,2407,6,on,35.305900574,-80.727607727,Silver,Woodward Hall East,East Deck 2
1413,11/13/2019,11:01:56,2407,4,off,35.305900574,-80.727607727,Silver,Woodward Hall East,East Deck 2
1415,11/13/2019,11:02:08,2407,9,on,35.305900574,-80.727607727,Silver,Woodward Hall East,East Deck 2
1418,11/13/2019,11:02:28,2402,6,off,35.306617737,-80.726676941,Silver,EPIC N,East Deck 2
1420,11/13/2019,11:02:34,2402,31,on,35.306182861,-80.726776123,Silver,EPIC N,East Deck 2
1433,11/13/2019,11:04:56,2402,12,off,35.305923462,-80.729499817,Silver,EPIC N,Fretwell S
1439,11/13/2019,11:05:30,2402,16,on,35.306015015,-80.729469299,Silver,EPIC N,Fretwell S
1440,11/13/2019,11:05:46,2407,9,off,35.305900574,-80.727607727,Silver,Woodward Hall East,East Deck 2
1441,11/13/2019,11:05:48,2407,12,on,35.305900574,-80.727607727,Silver,Woodward Hall East,East Deck 2
1442,11/13/2019,11:05:56,2411,10,on,35.309940338,-80.741897583,Silver,EPIC N,EPIC S
1452,11/13/2019,11:06:55,2407,4,on,35.305900574,-80.727607727,Silver,Woodward Hall East,East Deck 2
1453,11/13/2019,11:06:57,2407,4,off,35.305900574,-80.727607727,Silver,Woodward Hall East,East Deck 2
1454,11/13/2019,11:07:06,2406,2,off,35.311595917,-80.730461121,Green,Student Health (Green) W,Student Health E
1455,11/13/2019,11:07:17,2403,1,off,35.311660767,-80.730438232,Gold,Student Health E,Student Health (Green) W
1458,11/13/2019,11:07:30,2402,15,off,35.308148,-80.730153,Silver,EPIC N,Aux Services East
1464,11/13/2019,11:08:02,2402,23,on,35.307151794,-80.732696533,Silver,EPIC N,Student Union E
1473,11/13/2019,11:08:45,2407,3,off,35.305900574,-80.727607727,Silver,Woodward Hall East,East Deck 2
1474,11/13/2019,11:08:52,2407,7,on,35.305900574,-80.727607727,Silver,Woodward Hall East,East Deck 2
1477,11/13/2019,11:09:28,2403,3,off,35.304748535,-80.729881287,Gold,Fretwell S,Robinson Hall S
1482,11/13/2019,11:09:56,2409,1,off,35.309921265,-80.741851807,Silver,EPIC N,EPIC S
1485,11/13/2019,11:10:08,2403,20,on,35.29889679,-80.730613708,Gold,Fretwell S,Levine Hall E
1486,11/13/2019,11:10:12,2409,4,on,35.309921265,-80.741851807,Silver,EPIC N,EPIC S
1488,11/13/2019,11:10:20,2407,8,off,35.305900574,-80.727607727,Silver,Woodward Hall East,East Deck 2
1490,11/13/2019,11:10:36,2407,6,on,35.305900574,-80.727607727,Silver,Woodward Hall East,East Deck 2
1498,11/13/2019,11:11:48,2402,1,on,35.300678253,-80.742538452,Silver,EPIC N,Alumni Way E
1500,11/13/2019,11:12:19,2401,3,off,35.305389404,-80.728790283,Green,Fretwell S,Cato Hall S
1503,11/13/2019,11:12:28,2403,1,off,35.303852081,-80.729606628,Gold,Fretwell S,Robinson Hall S
1504,11/13/2019,11:12:34,2403,7,on,35.305072784,-80.729438782,Gold,Fretwell S,Cato Hall S
1506,11/13/2019,11:13:08,2402,25,off,35.305259705,-80.742378235,Silver,EPIC N,Athletics Complex E
1513,11/13/2019,11:14:16,2402,2,off,35.304962158,-80.742050171,Silver,EPIC N,Athletics Complex E
1515,11/13/2019,11:14:52,2407,3,on,35.305900574,-80.727607727,Silver,Woodward Hall East,East Deck 2
1518,11/13/2019,11:15:17,2403,28,off,35.300880432,-80.73576355,Gold,Fretwell S,Hunt Hall
1520,11/13/2019,11:15:36,2402,12,off,35.310733795,-80.743110657,Silver,EPIC N,Portal W
1521,11/13/2019,11:15:36,2407,12,off,35.305900574,-80.727607727,Silver,Woodward Hall East,East Deck 2
1522,11/13/2019,11:15:39,2403,5,on,35.300678253,-80.735771179,Gold,Fretwell S,Hunt Hall
1524,11/13/2019,11:15:45,2410,1,off,35.309776306,-80.741729736,Silver,EPIC N,EPIC S
1530,11/13/2019,11:16:01,2410,4,on,35.309791565,-80.741760254,Silver,EPIC N,EPIC S
1533,11/13/2019,11:16:38,2407,1,off,35.305900574,-80.727607727,Silver,Woodward Hall East,East Deck 2
1535,11/13/2019,11:17:07,2402,3,off,35.309211731,-80.744087219,Silver,EPIC N,CRI Deck
1536,11/13/2019,11:17:09,2402,5,on,35.309375763,-80.744056702,Silver,EPIC N,CRI Deck
1541,11/13/2019,11:17:42,2407,5,off,35.305900574,-80.727607727,Silver,Woodward Hall East,East Deck 2
1548,11/13/2019,11:18:27,2403,2,off,35.304801941,-80.732711792,Gold,Fretwell S,Reese East
1551,11/13/2019,11:18:58,2407,1,off,35.305900574,-80.727607727,Silver,Woodward Hall East,East Deck 2
1553,11/13/2019,11:19:15,2406,2,off,35.307224274,-80.729614258,Green,Fretwell S,Fretwell N
1554,11/13/2019,11:19:17,2406,3,on,35.307243347,-80.729637146,Green,Fretwell S,Fretwell N
1556,11/13/2019,11:19:21,2402,1,on,35.312858582,-80.743743896,Silver,EPIC N,Portal W
1563,11/13/2019,11:20:03,2403,3,on,35.3033638,-80.729423523,Gold,Fretwell S,Robinson Hall N
1566,11/13/2019,11:20:33,2402,2,on,35.309631348,-80.742630005,Silver,EPIC N,EPIC S
1570,11/13/2019,11:21:07,2402,4,off,35.310970306,-80.74181366,Silver,EPIC N,Grigg Hall W
1574,11/13/2019,11:21:14,2411,4,off,35.307815552,-80.729904175,Silver,East Deck 2,Fretwell N
1575,11/13/2019,11:21:16,2411,3,on,35.307815552,-80.729904175,Silver,East Deck 2,Fretwell N
1576,11/13/2019,11:21:17,2406,1,on,35.305534363,-80.728302002,Green,Fretwell S,Cato Hall S
1577,11/13/2019,11:21:21,2406,10,off,35.305530548,-80.728302002,Green,Fretwell S,Cato Hall S
1587,11/13/2019,11:22:49,2402,1,off,35.309776306,-80.741844177,Silver,EPIC N,EPIC S
1588,11/13/2019,11:22:51,2402,1,on,35.309864044,-80.741828918,Silver,EPIC N,EPIC S
1591,11/13/2019,11:22:58,2411,17,off,35.308235168,-80.732963562,Silver,East Deck 2,Student Union E
1592,11/13/2019,11:23:04,2407,1,on,35.305900574,-80.727607727,Silver,Woodward Hall East,East Deck 2
1594,11/13/2019,11:23:18,2411,11,on,35.308246613,-80.733070374,Silver,East Deck 2,Student Union E
1606,11/13/2019,11:25:38,2401,1,on,35.30789566,-80.729942322,Green,Fretwell N,Aux Services East
1607,11/13/2019,11:25:40,2401,1,off,35.307891846,-80.729980469,Green,Fretwell N,Aux Services East
1609,11/13/2019,11:25:58,2411,1,on,35.309234619,-80.741157532,Silver,East Deck 2,EPIC S
1612,11/13/2019,11:26:44,2401,1,off,35.309249878,-80.729759216,Green,Fretwell N,Hickory Hall South
1616,11/13/2019,11:27:33,2402,7,on,35.307601929,-80.730384827,Silver,EPIC N,Aux Services East
1617,11/13/2019,11:27:35,2407,4,on,35.305900574,-80.727607727,Silver,Woodward Hall East,East Deck 2
1618,11/13/2019,11:27:37,2402,6,off,35.307613373,-80.730384827,Silver,EPIC N,Aux Services East
1628,11/13/2019,11:28:50,2411,12,off,35.311260223,-80.743385315,Silver,East Deck 2,Portal W
1629,11/13/2019,11:28:59,2402,3,off,35.30997467,-80.7293396,Silver,EPIC N,Student Health N
1633,11/13/2019,11:29:52,2411,1,off,35.309455872,-80.744102478,Silver,East Deck 2,CRI Deck
1636,11/13/2019,11:30:05,2402,2,off,35.310401917,-80.726539612,Silver,EPIC N,Martin Hall
1638,11/13/2019,11:30:07,2402,3,on,35.310401917,-80.726539612,Silver,EPIC N,Martin Hall
1642,11/13/2019,11:30:51,2407,3,on,35.305900574,-80.727607727,Silver,Woodward Hall East,East Deck 2
1644,11/13/2019,11:31:17,2402,2,off,35.309131622,-80.724998474,Silver,EPIC N,Lot 6
1648,11/13/2019,11:31:43,2407,6,off,35.305900574,-80.727607727,Silver,Woodward Hall East,East Deck 2
1650,11/13/2019,11:32:13,2402,1,on,35.306884766,-80.725341797,Silver,EPIC N,Lot 5A
1654,11/13/2019,11:33:32,2401,1,off,35.311862946,-80.733161926,Green,North Deck,Wallis Hall E/Light Rail
1656,11/13/2019,11:33:46,2401,6,on,35.311927795,-80.73324585,Green,North Deck,Wallis Hall W/Light Rail
1658,11/13/2019,11:33:51,2407,1,on,35.310813904,-80.729293823,Silver,Woodward Hall East,Student Health N
1660,11/13/2019,11:33:55,2407,1,off,35.310939789,-80.729316711,Silver,Woodward Hall East,Student Health N
1662,11/13/2019,11:34:30,2411,1,on,35.310043335,-80.742034912,Silver,EPIC N,EPIC S
1663,11/13/2019,11:34:31,2402,3,off,35.308208466,-80.729248047,Silver,EPIC N,Hickory Hall North
1669,11/13/2019,11:35:43,2402,1,off,35.307601929,-80.732681274,Silver,EPIC N,Student Union E
1670,11/13/2019,11:35:45,2402,1,on,35.307476044,-80.732749939,Silver,EPIC N,Student Union E
1671,11/13/2019,11:35:55,2407,1,off,35.308868408,-80.725082397,Silver,Woodward Hall East,Lot 6
1672,11/13/2019,11:35:57,2407,3,on,35.308868408,-80.725082397,Silver,Woodward Hall East,Lot 6
1679,11/13/2019,11:37:09,2407,1,on,35.307243347,-80.725250244,Silver,Woodward Hall East,Lot 5A
1690,11/13/2019,11:38:51,2407,1,off,35.307495117,-80.729309082,Silver,Woodward Hall East,Fretwell N
1733,11/13/2019,11:45:09,2410,1,on,35.309902191,-80.74193573,Silver,EPIC N,EPIC S
1748,11/13/2019,11:46:55,2402,2,on,35.311904907,-80.744018555,Silver,CRI Deck,Portal W
1777,11/13/2019,11:50:57,2402,2,on,35.309642792,-80.742195129,Silver,CRI Deck,EPIC S
1795,11/13/2019,11:53:40,2402,1,on,35.30796051,-80.734519958,Silver,CRI Deck,Woodward Hall East
1801,11/13/2019,11:54:40,2402,6,off,35.308071136,-80.732719421,Silver,CRI Deck,Student Union E
1808,11/13/2019,11:55:50,2402,2,on,35.308036804,-80.73034668,Silver,CRI Deck,Aux Services East
1810,11/13/2019,11:55:52,2402,2,off,35.308036804,-80.73034668,Silver,CRI Deck,Aux Services East
1819,11/13/2019,11:57:36,2402,1,on,35.309059143,-80.729278564,Silver,CRI Deck,Hickory Hall North
1820,11/13/2019,11:57:43,2411,1,on,35.309833527,-80.741783142,Silver,EPIC N,EPIC S
1830,11/13/2019,11:58:56,2402,1,off,35.310260773,-80.726661682,Silver,CRI Deck,Martin Hall
1831,11/13/2019,11:59:10,2402,6,on,35.310245514,-80.726669312,Silver,CRI Deck,Martin Hall
1840,11/13/2019,12:00:20,2402,2,off,35.308696747,-80.725105286,Silver,CRI Deck,Lot 6
1849,11/13/2019,12:01:34,2402,1,off,35.307231903,-80.725257874,Silver,CRI Deck,Lot 5A
1850,11/13/2019,12:01:36,2402,1,on,35.307296753,-80.725257874,Silver,CRI Deck,Lot 5A
1855,11/13/2019,12:02:22,2410,3,on,35.307518005,-80.730003357,Silver,East Deck 2,Fretwell N
1856,11/13/2019,12:02:24,2410,12,off,35.30752182,-80.729873657,Silver,East Deck 2,Fretwell N
1874,11/13/2019,12:03:48,2402,1,on,35.307346344,-80.7293396,Silver,CRI Deck,Fretwell N
1875,11/13/2019,12:03:48,2402,3,off,35.307346344,-80.7293396,Silver,CRI Deck,Fretwell N
1886,11/13/2019,12:04:59,2401,10,on,35.312145233,-80.733047485,Green,Wallis Hall W/Light Rail,Wallis Hall E/Light Rail
1887,11/13/2019,12:05:06,2402,4,off,35.308139801,-80.732658386,Silver,CRI Deck,Student Union W
1889,11/13/2019,12:05:38,2402,16,on,35.308013916,-80.732765198,Silver,CRI Deck,Student Union E
1905,11/13/2019,12:08:15,2401,2,on,35.30796051,-80.733345032,Green,Woodward Hall East,Student Union E
1916,11/13/2019,12:09:12,2402,8,off,35.310935974,-80.741462708,Silver,CRI Deck,Grigg Hall W
1921,11/13/2019,12:10:16,2402,2,off,35.312793732,-80.740882874,Silver,CRI Deck,Motor Sports
1924,11/13/2019,12:10:23,2409,19,on,35.30991745,-80.74180603,Silver,EPIC N,EPIC S
1929,11/13/2019,12:11:22,2402,4,off,35.31111908,-80.743080139,Silver,PORTAL East,Portal W
1930,11/13/2019,12:11:38,2402,16,on,35.311084747,-80.743118286,Silver,PORTAL East,Portal W
1943,11/13/2019,12:12:54,2402,3,on,35.309429169,-80.744148254,Silver,PORTAL East,CRI Deck
1946,11/13/2019,12:12:56,2402,3,off,35.309429169,-80.744148254,Silver,PORTAL East,CRI Deck
2027,11/13/2019,12:22:28,2410,5,on,35.311660767,-80.743019104,Silver,CRI Deck,PORTAL East
2032,11/13/2019,12:23:12,2410,4,on,35.312320709,-80.742332458,Silver,PORTAL East,Duke Centennial Hall East
2048,11/13/2019,12:25:26,2410,11,on,35.309955597,-80.742042542,Silver,EPIC N,EPIC S
2080,11/13/2019,12:29:20,2407,1,on,35.309684753,-80.741737366,Silver,EPIC N,EPIC S
2101,11/13/2019,12:33:59,2412,2,off,35.307624817,-80.730102539,Green,Student Health (Green) W,Fretwell N
2102,11/13/2019,12:34:01,2412,2,on,35.307624817,-80.730102539,Green,Student Health (Green) W,Fretwell N
2105,11/13/2019,12:34:12,2411,4,on,35.309913635,-80.741867065,Silver,EPIC N,EPIC S
2117,11/13/2019,12:35:41,2412,3,on,35.307624817,-80.730102539,Green,Student Health (Green) W,Fretwell N
2118,11/13/2019,12:35:43,2412,4,off,35.307624817,-80.730102539,Green,Student Health (Green) W,Fretwell N
2133,11/13/2019,12:37:35,2412,2,off,35.307624817,-80.730102539,Green,Student Health (Green) W,Fretwell N
2144,11/13/2019,12:38:55,2412,1,on,35.307624817,-80.730102539,Green,Student Health (Green) W,Fretwell N
2145,11/13/2019,12:39:01,2412,3,off,35.307624817,-80.730102539,Green,Student Health (Green) W,Fretwell N
2156,11/13/2019,12:41:02,2409,3,on,35.309913635,-80.741897583,Silver,EPIC N,EPIC S
2157,11/13/2019,12:41:09,2412,1,on,35.307624817,-80.730102539,Green,Student Health (Green) W,Fretwell N
2161,11/13/2019,12:42:12,2412,6,off,35.307624817,-80.730102539,Green,Student Health (Green) W,Fretwell N
2164,11/13/2019,12:42:28,2409,1,on,35.307655334,-80.740028381,Silver,EPIC N,Athletics Complex E
2178,11/13/2019,12:44:52,2412,2,on,35.307624817,-80.730102539,Green,Student Health (Green) W,Fretwell N
2181,11/13/2019,12:44:58,2412,7,off,35.307624817,-80.730102539,Green,Student Health (Green) W,Fretwell N
2190,11/13/2019,12:46:36,2412,1,off,35.307624817,-80.730102539,Green,Student Health (Green) W,Fretwell N
2191,11/13/2019,12:46:44,2412,4,on,35.307624817,-80.730102539,Green,Student Health (Green) W,Fretwell N
2219,11/13/2019,12:51:08,2412,1,on,35.307624817,-80.730102539,Green,Student Health (Green) W,Fretwell N
2220,11/13/2019,12:51:12,2412,3,off,35.307624817,-80.730102539,Green,Student Health (Green) W,Fretwell N
2231,11/13/2019,12:52:32,2412,1,off,35.307624817,-80.730102539,Green,Student Health (Green) W,Fretwell N
2232,11/13/2019,12:52:34,2412,2,on,35.307624817,-80.730102539,Green,Student Health (Green) W,Fretwell N
2239,11/13/2019,12:53:48,2402,1,on,35.310894012,-80.741210938,Silver,EPIC N,Grigg Hall W
2242,11/13/2019,12:53:58,2412,1,off,35.307624817,-80.730102539,Green,Student Health (Green) W,Fretwell N
2249,11/13/2019,12:55:06,2412,1,off,35.307624817,-80.730102539,Green,Student Health (Green) W,Fretwell N
2250,11/13/2019,12:55:12,2412,4,on,35.307624817,-80.730102539,Green,Student Health (Green) W,Fretwell N
2262,11/13/2019,12:57:16,2412,2,off,35.307624817,-80.730102539,Green,Student Health (Green) W,Fretwell N
2266,11/13/2019,12:58:02,2412,3,on,35.307624817,-80.730102539,Green,Student Health (Green) W,Fretwell N
2276,11/13/2019,12:59:46,2412,3,on,35.307624817,-80.730102539,Green,Student Health (Green) W,Fretwell N
2280,11/13/2019,13:00:34,2409,2,off,35.313465118,-80.741821289,Silver,Motor Sports,Duke Centennial Hall East
2281,11/13/2019,13:00:35,2401,1,on,35.308055878,-80.731536865,Green,Fretwell N,Aux Services East
2286,11/13/2019,13:01:14,2412,3,off,35.307624817,-80.730102539,Green,Student Health (Green) W,Fretwell N
2289,11/13/2019,13:02:26,2412,2,off,35.307624817,-80.730102539,Green,Student Health (Green) W,Fretwell N
2293,11/13/2019,13:02:42,2412,12,on,35.308063507,-80.732780457,Green,Student Health (Green) W,Student Union E
2297,11/13/2019,13:03:00,2401,2,on,35.308055878,-80.731536865,Green,North Deck,Aux Services East
2302,11/13/2019,13:04:06,2407,1,off,35.31237793,-80.741767883,Silver,Portal W,Duke Centennial Hall East
2304,11/13/2019,13:04:09,2407,3,on,35.31237793,-80.741767883,Silver,Portal W,Duke Centennial Hall East
2310,11/13/2019,13:05:36,2412,2,on,35.306983948,-80.729476929,Green,Student Health (Green) W,Fretwell S
2311,11/13/2019,13:05:38,2412,2,off,35.306983948,-80.729476929,Green,Student Health (Green) W,Fretwell S
2315,11/13/2019,13:06:06,2409,2,on,35.311946869,-80.742919922,Silver,CRI Deck,PORTAL East
2319,11/13/2019,13:06:32,2407,11,on,35.309913635,-80.741867065,Silver,Portal W,EPIC S
2323,11/13/2019,13:07:54,2412,6,off,35.305145264,-80.728187561,Green,Student Health (Green) W,Cato Hall N
2328,11/13/2019,13:08:42,2409,1,on,35.309295654,-80.741081238,Silver,Duke Centennial Hall East,EPIC S
2330,11/13/2019,13:09:02,2412,4,off,35.30348587,-80.729499817,Green,Student Health (Green) W,Robinson Hall S
2331,11/13/2019,13:09:04,2412,1,on,35.303482056,-80.729484558,Green,Student Health (Green) W,Robinson Hall S
2336,11/13/2019,13:10:24,2407,1,on,35.307910919,-80.734733582,Silver,Portal W,Woodward Hall East
2339,11/13/2019,13:10:54,2409,1,off,35.319065094,-80.749694824,Silver,Duke Centennial Hall East,Portal W
2342,11/13/2019,13:11:18,2412,3,on,35.304458618,-80.732772827,Green,Student Health (Green) W,Reese East
2343,11/13/2019,13:11:22,2412,2,off,35.304489136,-80.73274231,Green,Student Health (Green) W,Reese East
2345,11/13/2019,13:12:09,2407,7,off,35.308010101,-80.732872009,Silver,Portal W,Student Union E
2348,11/13/2019,13:12:32,2407,7,on,35.308013916,-80.732872009,Silver,Portal W,Student Union E
2351,11/13/2019,13:13:06,2409,3,off,35.312103271,-80.73840332,Silver,Duke Centennial Hall East,Motor Sports
2352,11/13/2019,13:13:12,2402,1,off,35.310314178,-80.739852905,Silver,Motor Sports,EPIC N
2354,11/13/2019,13:13:31,2411,9,on,35.309913635,-80.741836548,Silver,EPIC N,EPIC S
2355,11/13/2019,13:13:40,2409,4,on,35.310287476,-80.735961914,Silver,Duke Centennial Hall East,Belk Hall S
2356,11/13/2019,13:13:42,2407,6,off,35.308013916,-80.730491638,Silver,Portal W,Aux Services East
2357,11/13/2019,13:13:46,2407,8,on,35.308013916,-80.730491638,Silver,Portal W,Aux Services East
2362,11/13/2019,13:14:34,2412,2,on,35.30109787,-80.735786438,Green,Student Health (Green) W,South Village Deck
2364,11/13/2019,13:14:40,2412,11,off,35.301109314,-80.735794067,Green,Student Health (Green) W,South Village Deck
2367,11/13/2019,13:15:07,2409,2,off,35.310344696,-80.733695984,Silver,Duke Centennial Hall East,Wallis Hall W/Light Rail
2369,11/13/2019,13:15:26,2402,1,off,35.310752869,-80.74420929,Silver,CRI Deck,Portal W
2371,11/13/2019,13:15:59,2407,5,off,35.310653687,-80.729309082,Silver,Portal W,Student Health N
2374,11/13/2019,13:16:30,2412,1,on,35.302131653,-80.732780457,Green,Student Health (Green) W,Levine Hall E
2377,11/13/2019,13:16:47,2409,1,off,35.30960083,-80.732673645,Silver,Duke Centennial Hall East,Student Union W
2381,11/13/2019,13:17:32,2407,4,off,35.310283661,-80.726676941,Silver,Portal W,Martin Hall
2382,11/13/2019,13:17:39,2407,9,on,35.310283661,-80.726676941,Silver,Portal W,Martin Hall
2389,11/13/2019,13:18:28,2412,1,on,35.303398132,-80.729522705,Green,Student Health (Green) W,Robinson Hall N
2393,11/13/2019,13:18:44,2407,5,off,35.308776855,-80.725074768,Silver,Portal W,Lot 6
2394,11/13/2019,13:18:54,2407,11,on,35.308784485,-80.725105286,Silver,Portal W,Lot 6
2398,11/13/2019,13:19:48,2412,1,off,35.305103302,-80.728256226,Green,Student Health (Green) W,Cato Hall S
2400,11/13/2019,13:20:00,2407,2,off,35.307197571,-80.725250244,Silver,Portal W,Lot 5A
2407,11/13/2019,13:20:32,2409,1,off,35.311477661,-80.728523254,Silver,Duke Centennial Hall East,Martin Hall
2408,11/13/2019,13:20:34,2409,2,on,35.311477661,-80.728523254,Silver,Duke Centennial Hall East,Martin Hall
2411,11/13/2019,13:20:52,2407,14,on,35.306324005,-80.72694397,Silver,Portal W,East Deck 2
2419,11/13/2019,13:22:06,2412,1,on,35.307514191,-80.729309082,Green,Student Health (Green) W,Fretwell N
2420,11/13/2019,13:22:08,2409,2,off,35.30915451,-80.725662231,Silver,Duke Centennial Hall East,Lot 6
2421,11/13/2019,13:22:10,2409,2,on,35.30915451,-80.725662231,Silver,Duke Centennial Hall East,Lot 6
2425,11/13/2019,13:22:44,2407,5,on,35.307613373,-80.729316711,Silver,Portal W,Fretwell N
2426,11/13/2019,13:22:46,2402,3,on,35.313209534,-80.742050171,Silver,CRI Deck,Duke Centennial Hall East
2427,11/13/2019,13:22:52,2407,2,on,35.307613373,-80.729309082,Silver,Portal W,Fretwell N
2428,11/13/2019,13:22:52,2407,11,off,35.307613373,-80.729309082,Silver,Portal W,Fretwell N
2431,11/13/2019,13:23:16,2409,2,on,35.307079315,-80.725158691,Silver,Duke Centennial Hall East,Lot 5A
2433,11/13/2019,13:23:49,2412,2,off,35.310745239,-80.729301453,Green,Student Health (Green) W,Student Health N
2435,11/13/2019,13:24:22,2407,17,off,35.30809021,-80.732658386,Silver,Portal W,Student Union E
2436,11/13/2019,13:24:26,2407,1,on,35.30809021,-80.732658386,Silver,Portal W,Student Union E
2446,11/13/2019,13:25:30,2407,32,on,35.308086395,-80.732681274,Silver,Portal W,Student Union E
2447,11/13/2019,13:25:36,2402,20,on,35.313209534,-80.742050171,Silver,CRI Deck,Duke Centennial Hall East
2448,11/13/2019,13:25:58,2409,2,off,35.307910919,-80.729881287,Silver,Duke Centennial Hall East,Fretwell N
2454,11/13/2019,13:26:44,2402,2,on,35.313209534,-80.742050171,Silver,CRI Deck,Duke Centennial Hall East
2459,11/13/2019,13:27:47,2409,4,off,35.308246613,-80.733024597,Silver,Duke Centennial Hall East,Student Union E
2465,11/13/2019,13:28:27,2402,2,on,35.306991577,-80.733909607,Silver,CRI Deck,Woodward Hall East
2466,11/13/2019,13:28:31,2402,4,off,35.30701828,-80.733924866,Silver,CRI Deck,Woodward Hall East
2468,11/13/2019,13:28:34,2409,8,on,35.308433533,-80.73323822,Silver,Duke Centennial Hall East,Student Union E
2478,11/13/2019,13:29:51,2402,12,off,35.307189941,-80.732048035,Silver,CRI Deck,Student Union E
2479,11/13/2019,13:30:11,2402,15,on,35.307949066,-80.732658386,Silver,CRI Deck,Student Union E
2484,11/13/2019,13:30:50,2407,40,off,35.312858582,-80.741012573,Silver,Portal W,Motor Sports
2486,11/13/2019,13:31:17,2402,4,off,35.30777359,-80.730209351,Silver,CRI Deck,Aux Services East
2487,11/13/2019,13:31:19,2402,3,on,35.30777359,-80.730209351,Silver,CRI Deck,Aux Services East
2496,11/13/2019,13:31:58,2409,1,off,35.309215546,-80.741172791,Silver,Duke Centennial Hall East,EPIC S
2502,11/13/2019,13:32:50,2403,1,off,35.301700592,-80.732650757,Gold,Levine Hall W,Levine Hall E
2506,11/13/2019,13:33:19,2402,2,on,35.310504913,-80.729034424,Silver,CRI Deck,Student Health N
2507,11/13/2019,13:33:21,2402,5,off,35.310504913,-80.729034424,Silver,CRI Deck,Student Health N
2518,11/13/2019,13:35:07,2402,6,on,35.312503815,-80.728401184,Silver,CRI Deck,Martin Hall
2519,11/13/2019,13:35:13,2402,10,off,35.312213898,-80.728210449,Silver,CRI Deck,Martin Hall
2526,11/13/2019,13:36:33,2402,3,on,35.308986664,-80.725189209,Silver,CRI Deck,Lot 6
2527,11/13/2019,13:36:35,2402,6,off,35.308753967,-80.725028992,Silver,CRI Deck,Lot 6
2537,11/13/2019,13:38:37,2402,7,off,35.305896759,-80.724861145,Silver,CRI Deck,Lot 5A
2539,11/13/2019,13:38:43,2402,8,on,35.305923462,-80.724853516,Silver,CRI Deck,Lot 5A
2542,11/13/2019,13:38:55,2407,4,on,35.30991745,-80.741897583,Silver,EPIC N,EPIC S
2550,11/13/2019,13:41:13,2402,1,on,35.307754517,-80.729576111,Silver,Lot 5A,Fretwell N
2551,11/13/2019,13:41:15,2402,4,off,35.307754517,-80.729576111,Silver,Lot 5A,Fretwell N
2556,11/13/2019,13:42:02,2403,1,off,35.308578491,-80.733581543,Gold,Reese East,Student Union E
2557,11/13/2019,13:42:14,2403,3,on,35.309013367,-80.734420776,Gold,Reese East,Woodward Hall East
2560,11/13/2019,13:42:53,2402,11,off,35.310497284,-80.736335754,Silver,Lot 5A,Belk Hall S
2564,11/13/2019,13:43:35,2402,23,on,35.310016632,-80.735061646,Silver,Lot 5A,Belk Hall S
2566,11/13/2019,13:43:48,2409,3,on,35.309844971,-80.741706848,Silver,EPIC N,EPIC S
2572,11/13/2019,13:44:32,2403,1,off,35.3097229,-80.737060547,Gold,Reese East,Union Deck/Belk N
2582,11/13/2019,13:46:06,2403,2,off,35.311859131,-80.733314514,Gold,Reese East,Wallis Hall W/Light Rail
2588,11/13/2019,13:46:52,2403,1,on,35.31186676,-80.733337402,Gold,Reese East,Wallis Hall W/Light Rail
2591,11/13/2019,13:46:55,2402,9,off,35.310653687,-80.740905762,Silver,Lot 5A,Grigg Hall W
2599,11/13/2019,13:48:07,2402,1,off,35.312843323,-80.740943909,Silver,Lot 5A,Motor Sports
2616,11/13/2019,13:49:52,2403,1,on,35.30916214,-80.729606628,Gold,Reese East,Hickory Hall South
2620,11/13/2019,13:50:41,2402,16,off,35.309902191,-80.745605469,Silver,Lot 5A,CRI Deck
2621,11/13/2019,13:50:43,2402,1,on,35.309799194,-80.745368958,Silver,Lot 5A,CRI Deck
2622,11/13/2019,13:50:58,2403,1,off,35.306926727,-80.729667664,Gold,Reese East,Fretwell S
2630,11/13/2019,13:52:19,2402,1,off,35.309574127,-80.744300842,Silver,Lot 5A,CRI Deck
2644,11/13/2019,13:53:59,2410,1,on,35.309864044,-80.741874695,Silver,EPIC N,EPIC S
2666,11/13/2019,13:57:22,2403,11,on,35.301670074,-80.73664093,Gold,Robinson Hall N,Hunt Hall
2677,11/13/2019,13:58:35,2402,16,on,35.312038422,-80.740646362,Silver,Lot 5A,Motor Sports
2690,11/13/2019,14:00:49,2402,3,on,35.310539246,-80.743370056,Silver,EPIC N,Portal W
2724,11/13/2019,14:05:18,2402,6,on,35.309246063,-80.741104126,Silver,EPIC N,EPIC S
2725,11/13/2019,14:05:24,2402,19,off,35.309246063,-80.741104126,Silver,EPIC N,EPIC S
2744,11/13/2019,14:07:54,2402,4,off,35.309246063,-80.741104126,Silver,EPIC N,EPIC S
2745,11/13/2019,14:07:56,2402,4,on,35.309246063,-80.741104126,Silver,EPIC N,EPIC S
2757,11/13/2019,14:09:19,2407,6,on,35.309894562,-80.741844177,Silver,EPIC N,EPIC S
2758,11/13/2019,14:09:24,2402,4,off,35.309246063,-80.741104126,Silver,Martin Hall,EPIC S
2759,11/13/2019,14:09:26,2402,7,on,35.309246063,-80.741104126,Silver,Martin Hall,EPIC S
2766,11/13/2019,14:10:56,2402,8,on,35.309246063,-80.741104126,Silver,Martin Hall,EPIC S
2769,11/13/2019,14:11:34,2402,2,off,35.309246063,-80.741104126,Silver,Martin Hall,EPIC S
2779,11/13/2019,14:13:04,2402,6,off,35.309246063,-80.741104126,Silver,Martin Hall,EPIC S
2784,11/13/2019,14:13:24,2402,4,on,35.309246063,-80.741104126,Silver,Martin Hall,EPIC S
2792,11/13/2019,14:14:50,2402,3,on,35.309246063,-80.741104126,Silver,Martin Hall,EPIC S
2793,11/13/2019,14:14:52,2402,11,off,35.309246063,-80.741104126,Silver,Martin Hall,EPIC S
2796,11/13/2019,14:15:22,2403,2,off,35.311946869,-80.733795166,Gold,Wallis Hall E/Light Rail,Wallis Hall W/Light Rail
2797,11/13/2019,14:15:45,2403,9,on,35.311985016,-80.73387146,Gold,Wallis Hall E/Light Rail,Wallis Hall W/Light Rail
2815,11/13/2019,14:17:40,2402,13,on,35.309246063,-80.741104126,Silver,Martin Hall,EPIC S
2849,11/13/2019,14:21:38,2402,1,on,35.309246063,-80.741104126,Silver,Martin Hall,EPIC S
2850,11/13/2019,14:21:39,2411,10,on,35.309867859,-80.741775513,Silver,EPIC N,EPIC S
2867,11/13/2019,14:23:52,2402,21,off,35.309246063,-80.741104126,Silver,Martin Hall,EPIC S
2885,11/13/2019,14:25:54,2402,1,off,35.309246063,-80.741104126,Silver,Martin Hall,EPIC S
2887,11/13/2019,14:26:07,2410,3,on,35.30997467,-80.741874695,Silver,EPIC N,EPIC S
2888,11/13/2019,14:26:10,2402,1,on,35.309246063,-80.741104126,Silver,Martin Hall,EPIC S
2926,11/13/2019,14:31:28,2402,1,on,35.309246063,-80.741104126,Silver,Martin Hall,EPIC S
2940,11/13/2019,14:33:20,2402,4,on,35.309246063,-80.741104126,Silver,Martin Hall,EPIC S
2949,11/13/2019,14:34:28,2402,2,on,35.309246063,-80.741104126,Silver,Martin Hall,EPIC S
2970,11/13/2019,14:37:24,2402,3,on,35.309246063,-80.741104126,Silver,Martin Hall,EPIC S
2975,11/13/2019,14:38:16,2407,4,on,35.30991745,-80.741836548,Silver,EPIC N,EPIC S
2977,11/13/2019,14:38:20,2402,5,off,35.309246063,-80.741104126,Silver,Martin Hall,EPIC S
2989,11/13/2019,14:40:00,2402,1,off,35.309246063,-80.741104126,Silver,Martin Hall,EPIC S
2997,11/13/2019,14:41:12,2402,2,off,35.309246063,-80.741104126,Silver,Martin Hall,EPIC S
2998,11/13/2019,14:41:36,2402,2,on,35.309246063,-80.741104126,Silver,Martin Hall,EPIC S
3008,11/13/2019,14:42:55,2402,2,off,35.309246063,-80.741104126,Silver,Martin Hall,EPIC S
3009,11/13/2019,14:42:59,2402,2,on,35.309246063,-80.741104126,Silver,Martin Hall,EPIC S
3017,11/13/2019,14:44:19,2402,2,on,35.309246063,-80.741104126,Silver,Lot 5A,EPIC S
3018,11/13/2019,14:45:01,2402,4,off,35.309246063,-80.741104126,Silver,Lot 5A,EPIC S
3027,11/13/2019,14:46:27,2402,1,off,35.309246063,-80.741104126,Silver,Lot 5A,EPIC S
3036,11/13/2019,14:47:39,2402,3,off,35.309246063,-80.741104126,Silver,Lot 5A,EPIC S
3044,11/13/2019,14:49:25,2402,4,on,35.309246063,-80.741104126,Silver,Lot 5A,EPIC S
3048,11/13/2019,14:49:39,2402,2,off,35.309246063,-80.741104126,Silver,Lot 5A,EPIC S
3063,11/13/2019,14:51:49,2402,1,on,35.309246063,-80.741104126,Silver,Lot 5A,EPIC S
3065,11/13/2019,14:51:52,2409,2,on,35.308750153,-80.735244751,Silver,CRI Deck,Woodward Hall East
3075,11/13/2019,14:53:01,2409,1,on,35.307994843,-80.732543945,Silver,CRI Deck,Student Union E
3078,11/13/2019,14:53:52,2409,2,off,35.308040619,-80.730392456,Silver,CRI Deck,Aux Services East
3100,11/13/2019,14:57:51,2410,2,on,35.3111763,-80.741264343,Silver,Duke Centennial Hall East,Grigg Hall E
3101,11/13/2019,14:58:04,2406,3,off,35.311786652,-80.731628418,Green,North Deck,Student Health E
3102,11/13/2019,14:58:24,2409,7,on,35.307209015,-80.725257874,Silver,CRI Deck,Lot 5A
3103,11/13/2019,14:58:31,2410,2,on,35.310005188,-80.741744995,Silver,EPIC N,EPIC S
3104,11/13/2019,14:59:02,2409,7,off,35.30632019,-80.726783752,Silver,CRI Deck,East Deck 2
3109,11/13/2019,14:59:48,2406,1,off,35.311786652,-80.731628418,Green,North Deck,Student Health E
3111,11/13/2019,14:59:54,2406,3,on,35.311786652,-80.731628418,Green,North Deck,Student Health E
3113,11/13/2019,15:00:16,2409,1,on,35.307567596,-80.729309082,Silver,CRI Deck,Fretwell N
3114,11/13/2019,15:00:18,2409,2,off,35.307567596,-80.729309082,Silver,CRI Deck,Fretwell N
3121,11/13/2019,15:01:22,2409,4,off,35.30814743,-80.732650757,Silver,CRI Deck,Student Union W
3123,11/13/2019,15:01:28,2406,2,on,35.311786652,-80.731628418,Green,North Deck,Student Health E
3124,11/13/2019,15:01:51,2402,1,on,35.309913635,-80.741851807,Silver,EPIC N,EPIC S
3125,11/13/2019,15:01:56,2409,4,on,35.308109283,-80.732849121,Silver,CRI Deck,Student Union E
3130,11/13/2019,15:02:44,2406,1,off,35.311786652,-80.731628418,Green,North Deck,Student Health E
3132,11/13/2019,15:02:50,2406,3,on,35.311786652,-80.731628418,Green,North Deck,Student Health E
3134,11/13/2019,15:03:14,2407,3,off,35.311565399,-80.74256897,Silver,Motor Sports,PORTAL East
3140,11/13/2019,15:04:20,2406,1,on,35.311786652,-80.731628418,Green,North Deck,Student Health E
3152,11/13/2019,15:06:05,2409,2,off,35.312824249,-80.74105072,Silver,CRI Deck,Motor Sports
3157,11/13/2019,15:06:49,2406,1,off,35.311786652,-80.731628418,Green,North Deck,Student Health E
3159,11/13/2019,15:06:59,2409,1,off,35.311031342,-80.743118286,Silver,PORTAL East,Portal W
3167,11/13/2019,15:08:03,2409,1,off,35.309448242,-80.74407196,Silver,PORTAL East,CRI Deck
3171,11/13/2019,15:09:07,2406,1,on,35.311786652,-80.731628418,Green,North Deck,Student Health E
3173,11/13/2019,15:09:15,2407,1,on,35.309955597,-80.741752625,Silver,EPIC N,EPIC S
3178,11/13/2019,15:09:56,2406,4,off,35.311786652,-80.731628418,Green,North Deck,Student Health E
3188,11/13/2019,15:11:24,2406,1,on,35.311786652,-80.731628418,Green,North Deck,Student Health E
3192,11/13/2019,15:12:02,2406,1,off,35.311786652,-80.731628418,Green,North Deck,Student Health E
3214,11/13/2019,15:14:12,2406,4,off,35.311786652,-80.731628418,Green,North Deck,Student Health E
3217,11/13/2019,15:14:41,2409,2,on,35.309844971,-80.741790771,Silver,EPIC N,EPIC S
3226,11/13/2019,15:15:36,2406,4,on,35.311786652,-80.731628418,Green,North Deck,Student Health E
3241,11/13/2019,15:18:00,2406,2,on,35.311786652,-80.731628418,Green,North Deck,Student Health E
3249,11/13/2019,15:19:06,2406,1,on,35.311786652,-80.731628418,Green,North Deck,Student Health E
3251,11/13/2019,15:19:54,2406,3,off,35.311786652,-80.731628418,Green,North Deck,Student Health E
3259,11/13/2019,15:21:14,2406,2,off,35.311786652,-80.731628418,Green,North Deck,Student Health E
3260,11/13/2019,15:21:16,2406,1,on,35.311786652,-80.731628418,Green,North Deck,Student Health E
3267,11/13/2019,15:22:46,2406,1,off,35.311786652,-80.731628418,Green,North Deck,Student Health E
3268,11/13/2019,15:22:50,2406,2,off,35.311786652,-80.731628418,Green,North Deck,Student Health E
3274,11/13/2019,15:23:42,2411,3,on,35.309890747,-80.741828918,Silver,EPIC N,EPIC S
3277,11/13/2019,15:23:58,2406,1,on,35.311786652,-80.731628418,Green,North Deck,Student Health E
3287,11/13/2019,15:25:44,2406,1,off,35.311786652,-80.731628418,Green,North Deck,Student Health E
3316,11/13/2019,15:30:52,2407,3,off,35.31218338,-80.741752625,Silver,Motor Sports,Duke Centennial Hall East
3317,11/13/2019,15:30:58,2406,3,off,35.311786652,-80.731628418,Green,Student Health (Green) W,Student Health E
3320,11/13/2019,15:31:58,2406,2,on,35.311786652,-80.731628418,Green,Student Health (Green) W,Student Health E
3325,11/13/2019,15:32:44,2410,7,on,35.309921265,-80.741821289,Silver,EPIC N,EPIC S
3328,11/13/2019,15:33:02,2407,1,on,35.310100555,-80.743263245,Silver,CRI Deck,Portal W
3344,11/13/2019,15:36:11,2403,5,off,35.307003021,-80.729522705,Gold,Fretwell N,Fretwell S
3345,11/13/2019,15:36:13,2403,6,on,35.307003021,-80.729522705,Gold,Fretwell N,Fretwell S
3363,11/13/2019,15:38:56,2407,5,on,35.309661865,-80.74206543,Silver,EPIC N,EPIC S
3371,11/13/2019,15:40:43,2403,6,off,35.301231384,-80.735580444,Gold,Fretwell N,Hunt Hall
3373,11/13/2019,15:40:55,2403,6,on,35.30122757,-80.735580444,Gold,Fretwell N,Hunt Hall
3378,11/13/2019,15:41:42,2407,9,off,35.308364868,-80.732254028,Silver,Woodward Hall East,Student Union W
3379,11/13/2019,15:41:48,2407,9,on,35.30834198,-80.732276917,Silver,Woodward Hall East,Student Union W
3387,11/13/2019,15:43:00,2403,2,on,35.304218292,-80.734931946,Gold,Fretwell N,Cone Deck W
3394,11/13/2019,15:43:48,2403,1,off,35.30437851,-80.732841492,Gold,Fretwell N,Reese East
3402,11/13/2019,15:44:56,2407,2,on,35.310501099,-80.729705811,Silver,Aux Services East,Student Health N
3403,11/13/2019,15:44:58,2407,5,off,35.310523987,-80.72971344,Silver,Aux Services East,Student Health N
3410,11/13/2019,15:46:00,2403,3,on,35.303501129,-80.729095459,Gold,Fretwell N,Robinson Hall S
3412,11/13/2019,15:46:12,2407,2,on,35.310333252,-80.726615906,Silver,Aux Services East,Martin Hall
3413,11/13/2019,15:46:15,2407,3,off,35.310329437,-80.726615906,Silver,Aux Services East,Martin Hall
3414,11/13/2019,15:46:15,2409,3,on,35.309921265,-80.741836548,Silver,EPIC N,EPIC S
3418,11/13/2019,15:47:20,2403,1,on,35.305107117,-80.728157043,Gold,Fretwell N,Cato Hall N
3419,11/13/2019,15:47:20,2407,1,on,35.308681488,-80.725151062,Silver,Aux Services East,Lot 6
3420,11/13/2019,15:47:22,2403,2,off,35.305114746,-80.728111267,Gold,Fretwell N,Cato Hall N
3422,11/13/2019,15:47:25,2407,3,off,35.308654785,-80.725189209,Silver,Aux Services East,Lot 6
3433,11/13/2019,15:48:40,2407,1,off,35.307201385,-80.725280762,Silver,Aux Services East,Lot 5A
3441,11/13/2019,15:50:12,2407,1,on,35.306293488,-80.726921082,Silver,Aux Services East,East Deck 2
3452,11/13/2019,15:51:55,2407,2,off,35.307582855,-80.729385376,Silver,Aux Services East,Fretwell N
3459,11/13/2019,15:52:18,2407,4,on,35.307842255,-80.729049683,Silver,Aux Services East,Fretwell N
3469,11/13/2019,15:54:25,2407,2,off,35.30821991,-80.732505798,Silver,Aux Services East,Student Union W
3470,11/13/2019,15:54:32,2407,4,on,35.30821991,-80.732505798,Silver,Aux Services East,Student Union W
3481,11/13/2019,15:55:41,2411,1,off,35.309879303,-80.74181366,Silver,EPIC N,EPIC S
3484,11/13/2019,15:55:58,2406,3,on,35.310276031,-80.728858948,Green,Student Health N,Martin Hall
3485,11/13/2019,15:56:05,2411,15,on,35.309879303,-80.74181366,Silver,EPIC N,EPIC S
3522,11/13/2019,16:01:06,2407,8,off,35.311519623,-80.742645264,Silver,Aux Services East,PORTAL East
3525,11/13/2019,16:01:47,2406,4,off,35.312309265,-80.73298645,Green,North Deck,Wallis Hall E/Light Rail
3530,11/13/2019,16:02:21,2407,1,on,35.309440613,-80.744056702,Silver,Aux Services East,CRI Deck
3532,11/13/2019,16:02:25,2407,2,off,35.309448242,-80.744026184,Silver,Aux Services East,CRI Deck
3536,11/13/2019,16:02:51,2406,5,on,35.312530518,-80.732933044,Green,North Deck,Wallis Hall E/Light Rail
3537,11/13/2019,16:02:58,2410,1,on,35.309913635,-80.741844177,Silver,EPIC N,EPIC S
3542,11/13/2019,16:03:47,2407,1,on,35.309474945,-80.743965149,Silver,Aux Services East,CRI Deck
3562,11/13/2019,16:06:47,2407,5,on,35.312332153,-80.741729736,Silver,Aux Services East,Duke Centennial Hall East
3577,11/13/2019,16:08:43,2407,3,on,35.309879303,-80.741867065,Silver,Aux Services East,EPIC S
3592,11/13/2019,16:11:39,2406,3,on,35.30556488,-80.730911255,Green,Fretwell S,Aux Services East
3637,11/13/2019,16:18:43,2409,4,on,35.309886932,-80.741851807,Silver,EPIC N,EPIC S
3653,11/13/2019,16:21:19,2406,1,on,35.301948547,-80.732879639,Green,Levine Hall E,Levine Hall W
3655,11/13/2019,16:21:23,2406,3,off,35.301956177,-80.73286438,Green,Levine Hall E,Levine Hall W
3668,11/13/2019,16:23:48,2408,9,off,35.302028656,-80.735786438,Gold,Cone Deck East,Hunt Hall
3690,11/13/2019,16:27:08,2411,5,on,35.309902191,-80.741851807,Silver,EPIC N,EPIC S
3701,11/13/2019,16:28:50,2408,2,on,35.303161621,-80.732528687,Gold,Reese East,Levine Hall E
3711,11/13/2019,16:30:36,2408,2,off,35.303161621,-80.732528687,Gold,Reese East,Levine Hall E
3714,11/13/2019,16:30:40,2408,1,on,35.303161621,-80.732528687,Gold,Reese East,Levine Hall E
3721,11/13/2019,16:32:04,2408,1,on,35.303161621,-80.732528687,Gold,Reese East,Levine Hall E
3728,11/13/2019,16:32:45,2410,7,on,35.309806824,-80.741775513,Silver,EPIC N,EPIC S
3733,11/13/2019,16:33:51,2407,5,off,35.31155014,-80.742675781,Silver,Motor Sports,PORTAL East
3734,11/13/2019,16:33:56,2408,1,on,35.303161621,-80.732528687,Gold,Reese East,Levine Hall E
3746,11/13/2019,16:35:49,2406,1,on,35.308357239,-80.734588623,Green,Belk Hall S,Woodward Hall East
3750,11/13/2019,16:36:12,2408,1,on,35.303161621,-80.732528687,Gold,Reese East,Levine Hall E
3757,11/13/2019,16:37:17,2406,3,off,35.308223724,-80.732559204,Green,Belk Hall S,Student Union W
3759,11/13/2019,16:37:27,2406,9,on,35.308261871,-80.732627869,Green,Belk Hall S,Student Union W
3763,11/13/2019,16:38:02,2408,4,off,35.303161621,-80.732528687,Gold,Reese East,Levine Hall E
3768,11/13/2019,16:38:29,2406,1,off,35.308124542,-80.73046875,Green,Belk Hall S,Aux Services East
3773,11/13/2019,16:39:08,2408,6,on,35.303161621,-80.732528687,Gold,Reese East,Levine Hall E
3779,11/13/2019,16:39:41,2406,2,off,35.306613922,-80.729774475,Green,Belk Hall S,Fretwell S
3790,11/13/2019,16:42:02,2407,4,on,35.309768677,-80.741897583,Silver,EPIC N,EPIC S
3793,11/13/2019,16:42:44,2408,1,on,35.303161621,-80.732528687,Gold,Reese East,Levine Hall E
3794,11/13/2019,16:42:54,2408,4,off,35.303161621,-80.732528687,Gold,Reese East,Levine Hall E
3804,11/13/2019,16:44:50,2408,2,on,35.303161621,-80.732528687,Gold,Reese East,Levine Hall E
3810,11/13/2019,16:45:37,2408,3,off,35.303161621,-80.732528687,Gold,Reese East,Levine Hall E
3819,11/13/2019,16:46:52,2408,1,on,35.303161621,-80.732528687,Gold,Reese East,Levine Hall E
3821,11/13/2019,16:46:55,2409,1,on,35.309909821,-80.741851807,Silver,EPIC N,EPIC S
3833,11/13/2019,16:48:06,2408,6,off,35.303161621,-80.732528687,Gold,Reese East,Levine Hall E
3864,11/13/2019,16:53:58,2408,1,on,35.303161621,-80.732528687,Gold,Reese East,Levine Hall E
3882,11/13/2019,16:56:26,2408,2,on,35.303161621,-80.732528687,Gold,Reese East,Levine Hall E
3884,11/13/2019,16:57:04,2411,4,on,35.309898376,-80.741889954,Silver,EPIC N,EPIC S
3887,11/13/2019,16:57:42,2408,1,off,35.303161621,-80.732528687,Gold,Reese East,Levine Hall E
3892,11/13/2019,16:58:20,2408,3,on,35.303161621,-80.732528687,Gold,Reese East,Levine Hall E
3907,11/13/2019,17:00:07,2407,1,off,35.311569214,-80.742630005,Silver,Motor Sports,PORTAL East
3920,11/13/2019,17:02:23,2408,1,on,35.303161621,-80.732528687,Gold,Reese East,Levine Hall E
3921,11/13/2019,17:02:25,2408,4,off,35.303161621,-80.732528687,Gold,Reese East,Levine Hall E
3922,11/13/2019,17:02:26,2410,9,on,35.309906006,-80.742050171,Silver,EPIC N,EPIC S
3957,11/13/2019,17:07:39,2407,4,on,35.309871674,-80.742034912,Silver,EPIC N,EPIC S
3959,11/13/2019,17:07:45,2408,7,on,35.307239532,-80.729560852,Gold,Reese East,Fretwell N
3988,11/13/2019,17:12:15,2408,8,off,35.301132202,-80.735664368,Gold,Robinson Hall N,Hunt Hall
3991,11/13/2019,17:12:25,2408,6,on,35.301078796,-80.73563385,Gold,Robinson Hall N,Hunt Hall
4001,11/13/2019,17:13:43,2408,1,on,35.301239014,-80.735977173,Gold,Robinson Hall N,Hunt Hall
4016,11/13/2019,17:16:12,2409,27,on,35.309909821,-80.741783142,Silver,EPIC N,EPIC S
4018,11/13/2019,17:16:23,2408,3,off,35.301029205,-80.735641479,Gold,Robinson Hall N,Hunt Hall
4050,11/13/2019,17:21:29,2401,1,off,35.311714172,-80.730575562,Green,Student Health (Green) W,Student Health E
4094,11/13/2019,17:27:47,2408,1,on,35.30821228,-80.732185364,Gold,Fretwell N,Student Union W
4095,11/13/2019,17:27:49,2408,5,off,35.308242798,-80.732223511,Gold,Fretwell N,Student Union W
4126,11/13/2019,17:33:19,2407,12,off,35.311431885,-80.74256134,Silver,Motor Sports,PORTAL East
4132,11/13/2019,17:34:18,2411,11,on,35.309898376,-80.741844177,Silver,EPIC N,EPIC S
4161,11/13/2019,17:39:03,2410,4,on,35.309928894,-80.741905212,Silver,EPIC N,EPIC S
4191,11/13/2019,17:45:32,2407,1,on,35.309959412,-80.741844177,Silver,EPIC N,EPIC S
4257,11/13/2019,17:56:26,2409,1,on,35.309883118,-80.741783142,Silver,EPIC N,EPIC S
4266,11/13/2019,17:57:39,2408,1,on,35.310916901,-80.737724304,Gold,Union Deck/Belk N,Belk Hall S
4298,11/13/2019,18:04:53,2406,3,on,35.313930511,-80.734390259,Green,North Deck,Wallis Hall W/Light Rail
4336,11/13/2019,18:11:22,2411,1,on,35.309928894,-80.741836548,Silver,EPIC N,EPIC S
4395,11/13/2019,18:22:28,2409,1,off,35.311668396,-80.742774963,Silver,Motor Sports,PORTAL East
4405,11/13/2019,18:24:04,2409,3,off,35.309295654,-80.744926453,Silver,Portal W,CRI Deck
4448,11/13/2019,18:31:12,2409,3,on,35.309913635,-80.741897583,Silver,EPIC N,EPIC S
4475,11/13/2019,18:36:25,2401,2,off,35.312000275,-80.733078003,Green,North Deck,Wallis Hall E/Light Rail
4491,11/13/2019,18:38:24,2410,4,off,35.310470581,-80.743988037,Silver,Portal W,CRI Deck
4501,11/13/2019,18:39:43,2411,5,on,35.30991745,-80.741851807,Silver,EPIC N,EPIC S
4529,11/13/2019,18:44:45,2410,2,on,35.310009003,-80.741744995,Silver,EPIC N,EPIC S
4534,11/13/2019,18:45:52,2407,3,off,35.311603546,-80.742599487,Silver,Motor Sports,PORTAL East
4575,11/13/2019,18:51:23,2407,5,on,35.309860229,-80.74181366,Silver,EPIC N,EPIC S
4577,11/13/2019,18:51:33,2411,1,off,35.305526733,-80.727729797,Silver,East Deck 2,Cato Hall N
4631,11/13/2019,19:00:09,2409,5,on,35.309925079,-80.741859436,Silver,EPIC N,EPIC S
4656,11/13/2019,19:04:47,2401,6,on,35.312019348,-80.733192444,Green,North Deck,Wallis Hall W/Light Rail
4657,11/13/2019,19:04:51,2401,6,off,35.312019348,-80.733192444,Green,North Deck,Wallis Hall W/Light Rail
4663,11/13/2019,19:06:57,2411,1,on,35.309909821,-80.741821289,Silver,EPIC N,EPIC S
4687,11/13/2019,19:12:03,2410,7,off,35.311767578,-80.742706299,Silver,Portal W,PORTAL East
4709,11/13/2019,19:15:56,2412,1,on,35.31457901,-80.733512878,Green,North Deck,Wallis Hall W/Light Rail
4716,11/13/2019,19:18:08,2410,1,on,35.309986115,-80.741729736,Silver,EPIC N,EPIC S
4763,11/13/2019,19:29:26,2401,4,off,35.31199646,-80.733184814,Green,North Deck,Wallis Hall W/Light Rail
4766,11/13/2019,19:30:08,2409,1,on,35.311191559,-80.741287231,Silver,Duke Centennial Hall East,Grigg Hall E
4768,11/13/2019,19:30:40,2409,1,on,35.309886932,-80.741836548,Silver,EPIC N,EPIC S
4796,11/13/2019,19:36:22,2411,1,on,35.309913635,-80.741828918,Silver,EPIC N,EPIC S
4829,11/13/2019,19:44:48,2407,1,off,35.311653137,-80.742630005,Silver,Motor Sports,PORTAL East
4834,11/13/2019,19:46:16,2407,1,on,35.309429169,-80.744812012,Silver,Portal W,CRI Deck
4851,11/13/2019,19:51:44,2407,1,off,35.309894562,-80.741844177,Silver,EPIC N,EPIC S
4853,11/13/2019,19:51:46,2407,1,on,35.309894562,-80.741844177,Silver,EPIC N,EPIC S
4901,11/13/2019,20:00:49,2409,4,on,35.308353424,-80.73223114,Silver,Woodward Hall East,Student Union W
4922,11/13/2019,20:05:07,2411,1,on,35.309913635,-80.741821289,Silver,EPIC N,EPIC S
4987,11/13/2019,20:18:37,2401,1,on,35.307659149,-80.729454041,Green,Aux Services East,Fretwell N
4996,11/13/2019,20:20:25,2401,1,on,35.305648804,-80.728302002,Green,Fretwell S,Cato Hall S
5033,11/13/2019,20:28:10,2403,4,off,35.307281494,-80.729438782,Gold,Fretwell S,Fretwell N
5042,11/13/2019,20:30:08,2409,2,on,35.308727264,-80.729354858,Silver,Aux Services East,Hickory Hall North
5056,11/13/2019,20:33:42,2411,3,on,35.309902191,-80.741828918,Silver,EPIC N,EPIC S
5075,11/13/2019,20:38:57,2407,3,off,35.311412811,-80.74256897,Silver,Motor Sports,PORTAL East
5105,11/13/2019,20:47:39,2407,1,on,35.309860229,-80.741844177,Silver,EPIC N,EPIC S
5136,11/13/2019,20:55:57,2409,3,on,35.309997559,-80.74180603,Silver,EPIC N,EPIC S
5205,11/13/2019,21:16:20,2407,3,on,35.309997559,-80.741790771,Silver,EPIC N,EPIC S
5344,11/13/2019,21:54:58,2409,1,on,35.309886932,-80.741798401,Silver,EPIC N,EPIC S
5348,11/13/2019,21:56:14,2411,1,off,35.311645508,-80.742523193,Silver,Motor Sports,PORTAL East
5376,11/13/2019,22:06:17,2407,1,off,35.31212616,-80.741996765,Silver,Motor Sports,Duke Centennial Hall East
5410,11/13/2019,22:22:49,2411,1,off,35.312145233,-80.742050171,Silver,Motor Sports,Duke Centennial Hall East
5427,11/13/2019,22:30:49,2411,3,on,35.309898376,-80.741828918,Silver,EPIC N,EPIC S
5462,11/13/2019,22:48:12,2406,1,on,35.311882019,-80.733222961,Green,Wallis Hall W/Light Rail,Wallis Hall E/Light Rail
5463,11/13/2019,22:48:34,2406,1,off,35.31187439,-80.733222961,Green,Wallis Hall W/Light Rail,Wallis Hall E/Light Rail
5480,11/13/2019,22:58:21,2401,1,off,35.311828613,-80.733146667,Green,North Deck,Wallis Hall E/Light Rail
5492,11/13/2019,23:07:34,2401,3,off,35.301204681,-80.735534668,Green,Robinson Hall S,South Village Deck
5494,11/13/2019,23:08:44,2412,4,off,35.311908722,-80.73323822,Green,North Deck,Wallis Hall W/Light Rail
5501,11/13/2019,23:16:52,2411,2,off,35.309505463,-80.744750977,Silver,Portal W,CRI Deck
5517,11/13/2019,23:23:52,2411,2,on,35.309890747,-80.741859436,Silver,EPIC N,EPIC S
5519,11/13/2019,23:24:55,2406,1,on,35.311626434,-80.732818604,Green,North Deck,Wallis Hall E/Light Rail
5520,11/13/2019,23:24:57,2406,1,off,35.311626434,-80.732818604,Green,North Deck,Wallis Hall E/Light Rail
5532,11/13/2019,23:33:29,2412,1,off,35.311904907,-80.73323822,Green,North Deck,Wallis Hall W/Light Rail
5542,11/13/2019,23:38:39,2410,1,on,35.31004715,-80.742088318,Silver,EPIC N,EPIC S
5563,11/14/2019,0:00:48,2406,2,on,35.305107117,-80.734672546,Green,Reese East,Cone Deck W
5565,11/14/2019,0:02:24,2410,1,on,35.309883118,-80.741783142,Silver,Lot 6,EPIC S
5570,11/14/2019,0:06:02,2410,1,off,35.309810638,-80.736061096,Silver,Lot 6,Belk Hall S
5571,11/14/2019,0:06:04,2410,2,on,35.309810638,-80.736061096,Silver,Lot 6,Belk Hall S
5574,11/14/2019,0:09:42,2410,2,off,35.311477661,-80.729446411,Silver,Lot 6,Student Health N
5577,11/14/2019,0:11:54,2410,1,on,35.308338165,-80.727783203,Silver,Lot 6,Hickory Hall North
5578,11/14/2019,0:11:56,2410,1,off,35.308387756,-80.727935791,Silver,Lot 6,Hickory Hall North
5583,11/14/2019,0:15:44,2410,1,on,35.308815002,-80.730041504,Silver,Lot 6,Hickory Hall North
5586,11/14/2019,0:21:52,2412,1,off,35.301010132,-80.735557556,Green,Fretwell N,South Village Deck
5588,11/14/2019,0:23:31,2410,2,off,35.309406281,-80.744117737,Silver,Lot 6,CRI Deck
5596,11/14/2019,0:28:39,2410,1,on,35.309886932,-80.741821289,Silver,EPIC N,EPIC S
5605,11/14/2019,0:37:08,2411,1,off,35.311592102,-80.742469788,Silver,Motor Sports,PORTAL East
5609,11/14/2019,0:39:14,2408,1,off,35.303199768,-80.732719421,Gold,Fretwell S,Levine Hall E
5613,11/14/2019,0:46:08,2408,2,on,35.301418304,-80.735191345,Gold,Fretwell S,Hunt Hall
5638,11/14/2019,1:07:16,2406,1,on,35.303283691,-80.729484558,Green,North Deck,Robinson Hall N
5640,11/14/2019,1:09:52,2406,1,on,35.307506561,-80.729316711,Green,North Deck,Fretwell N
5643,11/14/2019,1:13:10,2406,1,off,35.311607361,-80.730453491,Green,North Deck,Student Health (Green) W
5674,11/14/2019,1:39:44,2411,1,on,35.309864044,-80.741882324,Silver,EPIC N,EPIC S
5690,11/14/2019,1:57:58,2411,1,off,35.311626434,-80.742446899,Silver,Motor Sports,PORTAL East
