,Date,Time,Bus,Count,On off,Latitude,Longitude,Route,Stop
319444,11/1/2018,0:03:05,2402,1,on,35.30792618,-80.73470306,Silver,Woodward Hall East
319447,11/1/2018,0:04:49,2402,7,on,35.30804443,-80.73271179,Silver,Student Union E
319451,11/1/2018,0:07:33,2402,4,off,35.31027603,-80.72667694,Silver,Martin Hall
319456,11/1/2018,0:10:24,2402,1,on,35.30638504,-80.72673798,Silver,Lot 5A
319457,11/1/2018,0:10:26,2402,11,off,35.30638504,-80.72673798,Silver,Lot 5A
319463,11/1/2018,0:13:04,2402,3,on,35.30812836,-80.73264313,Silver,Student Union W
319467,11/1/2018,0:15:28,2402,1,on,35.30931091,-80.74136353,Silver,Athletics Complex W
319468,11/1/2018,0:17:06,2402,2,off,35.3127594,-80.74095154,Silver,Motor Sports
319470,11/1/2018,0:18:40,2402,2,off,35.30958176,-80.74461365,Silver,CRI Deck
319471,11/1/2018,0:19:32,2402,1,on,35.30941773,-80.74407196,Silver,CRI Deck
319476,11/1/2018,0:23:08,2402,1,on,35.30740738,-80.73979187,Silver,Athletics Complex E
319483,11/1/2018,0:28:44,2402,1,off,35.30882263,-80.72505188,Silver,Lot 6
319485,11/1/2018,0:29:54,2402,1,on,35.30718994,-80.72520447,Silver,Lot 5A
319486,11/1/2018,0:30:00,2402,2,off,35.30718994,-80.72520447,Silver,Lot 5A
319489,11/1/2018,0:31:44,2402,1,off,35.30755615,-80.72930145,Silver,Fretwell N
319504,11/1/2018,0:39:21,2402,4,on,35.30934906,-80.74410248,Silver,CRI Deck
319505,11/1/2018,0:39:25,2402,2,off,35.30934906,-80.74410248,Silver,CRI Deck
319507,11/1/2018,0:41:09,2402,1,on,35.30934906,-80.74410248,Silver,CRI Deck
319512,11/1/2018,0:44:09,2402,1,on,35.30991745,-80.74185181,Silver,EPIC N
319517,11/1/2018,0:46:53,2402,1,off,35.30806351,-80.73272705,Silver,Student Union E
319518,11/1/2018,0:47:05,2402,5,on,35.30806351,-80.73272705,Silver,Student Union E
319522,11/1/2018,0:49:31,2402,1,off,35.31032944,-80.72665405,Silver,Martin Hall
319525,11/1/2018,0:50:33,2402,7,off,35.308815,-80.72506714,Silver,Lot 6
319527,11/1/2018,0:51:55,2402,1,on,35.30718994,-80.7252121,Silver,Lot 5A
319528,11/1/2018,0:51:55,2402,1,off,35.30718994,-80.7252121,Silver,Lot 5A
319546,11/1/2018,1:08:00,2402,1,on,35.30798721,-80.73477936,Silver,Woodward Hall East
319547,11/1/2018,1:09:04,2402,2,on,35.30809021,-80.73278046,Silver,Student Union E
319549,11/1/2018,1:09:56,2402,1,off,35.30805206,-80.73040009,Silver,Aux Services East
319553,11/1/2018,1:12:04,2402,1,on,35.31031036,-80.72667694,Silver,Martin Hall
319557,11/1/2018,1:13:14,2402,2,off,35.30879593,-80.72505951,Silver,Lot 6
319558,11/1/2018,1:14:30,2402,1,off,35.3072052,-80.72521973,Silver,Lot 5A
319560,11/1/2018,1:15:18,2402,1,on,35.30658341,-80.72646332,Silver,Lot 5A
319561,11/1/2018,1:15:18,2402,1,off,35.30658341,-80.72646332,Silver,Lot 5A
319563,11/1/2018,1:16:30,2402,1,on,35.30658341,-80.72646332,Silver,Lot 5A
319569,11/1/2018,1:24:48,2402,1,off,35.30941773,-80.74412537,Silver,CRI Deck
319574,11/1/2018,1:27:18,2402,3,on,35.30941773,-80.74412537,Silver,CRI Deck
319576,11/1/2018,1:28:56,2402,9,on,35.30941773,-80.74412537,Silver,CRI Deck
319584,11/1/2018,1:39:11,2402,11,off,35.30720139,-80.7252121,Silver,Lot 5A
319593,11/1/2018,1:49:02,2402,1,off,35.31169891,-80.74247742,Silver,PORTAL East
319594,11/1/2018,1:50:32,2402,1,on,35.31172943,-80.74240875,Silver,PORTAL East
319596,11/1/2018,1:57:00,2402,1,on,35.30805969,-80.73036957,Silver,Aux Services East
319598,11/1/2018,1:59:44,2402,1,off,35.31032562,-80.72666168,Silver,Martin Hall
319599,11/1/2018,2:00:00,2402,1,on,35.31032562,-80.72666168,Silver,Martin Hall
319600,11/1/2018,2:03:40,2402,1,off,35.30816269,-80.73022461,Silver,Aux Services West
319604,11/1/2018,6:18:58,2402,1,on,35.30955887,-80.74459839,Silver,CRI Deck
319605,11/1/2018,6:18:58,2402,1,off,35.30955887,-80.74459839,Silver,CRI Deck
319606,11/1/2018,6:20:02,2402,1,on,35.30941773,-80.74401856,Silver,CRI Deck
319607,11/1/2018,6:20:02,2402,1,off,35.30941773,-80.74401856,Silver,CRI Deck
319610,11/1/2018,6:23:48,2402,1,on,35.30941773,-80.74401856,Silver,CRI Deck
319620,11/1/2018,6:30:42,2402,1,on,35.31071854,-80.72925568,Silver,Student Health N
319626,11/1/2018,6:35:37,2402,1,off,35.30813217,-80.73259735,Silver,Student Union W
319632,11/1/2018,6:41:45,2402,2,on,35.30939102,-80.74404144,Silver,CRI Deck
319633,11/1/2018,6:45:39,2402,1,on,35.30989838,-80.74182129,Silver,EPIC N
319635,11/1/2018,6:48:55,2402,3,off,35.30806351,-80.7326889,Silver,Student Union E
319636,11/1/2018,6:50:11,2402,1,off,35.30804443,-80.73035431,Silver,Aux Services East
319639,11/1/2018,6:52:23,2402,1,on,35.31027222,-80.72666168,Silver,Martin Hall
319651,11/1/2018,6:55:41,2402,1,on,35.30755615,-80.72932434,Silver,Fretwell N
319652,11/1/2018,6:56:23,2402,1,on,35.30814362,-80.73020935,Silver,Aux Services West
319662,11/1/2018,6:59:29,2402,1,off,35.3093338,-80.74133301,Silver,Athletics Complex W
319665,11/1/2018,7:01:17,2402,1,off,35.31287384,-80.74108124,Silver,Motor Sports
319668,11/1/2018,7:03:05,2402,1,on,35.30937576,-80.74407196,Silver,CRI Deck
319669,11/1/2018,7:03:05,2402,2,off,35.30937576,-80.74407196,Silver,CRI Deck
319670,11/1/2018,7:03:15,2402,5,on,35.30937576,-80.74407196,Silver,CRI Deck
319676,11/1/2018,7:06:10,2402,1,off,35.31100082,-80.74140167,Silver,Grigg Hall E
319680,11/1/2018,7:09:42,2402,4,off,35.3080864,-80.73268127,Silver,Student Union E
319690,11/1/2018,7:16:56,2402,1,on,35.31032944,-80.72668457,Silver,Martin Hall
319694,11/1/2018,7:18:16,2402,4,on,35.30879593,-80.72502136,Silver,Lot 6
319697,11/1/2018,7:19:34,2402,1,on,35.30718994,-80.7252121,Silver,Lot 5A
319702,11/1/2018,7:21:56,2402,1,off,35.3081665,-80.73021698,Silver,Aux Services West
319707,11/1/2018,7:23:42,2402,1,on,35.30815506,-80.73265839,Silver,Student Union W
319708,11/1/2018,7:23:44,2402,4,off,35.30815506,-80.73265839,Silver,Student Union W
319718,11/1/2018,7:27:42,2402,1,off,35.31097794,-80.74150848,Silver,Grigg Hall W
319722,11/1/2018,7:30:32,2402,1,off,35.30939484,-80.74408722,Silver,CRI Deck
319723,11/1/2018,7:30:58,2402,1,on,35.30939484,-80.74408722,Silver,CRI Deck
319724,11/1/2018,7:30:58,2402,1,off,35.30939484,-80.74408722,Silver,CRI Deck
319730,11/1/2018,7:33:01,2402,1,on,35.30939484,-80.74408722,Silver,CRI Deck
319759,11/1/2018,7:43:17,2402,2,on,35.31029892,-80.72660828,Silver,Martin Hall
319764,11/1/2018,7:44:19,2402,2,on,35.30876541,-80.72505188,Silver,Lot 6
319774,11/1/2018,7:47:31,2402,1,off,35.30815888,-80.73023987,Silver,Aux Services West
319777,11/1/2018,7:48:29,2402,1,off,35.30813217,-80.73260498,Silver,Student Union W
319780,11/1/2018,7:48:49,2402,2,on,35.30813217,-80.73260498,Silver,Student Union W
319794,11/1/2018,7:52:15,2402,3,off,35.3093338,-80.74131012,Silver,Athletics Complex W
319799,11/1/2018,7:52:59,2402,1,off,35.31093597,-80.741539,Silver,Grigg Hall W
319809,11/1/2018,7:55:53,2402,2,on,35.3093605,-80.74414063,Silver,CRI Deck
319822,11/1/2018,7:59:19,2402,6,on,35.30975342,-80.74437714,Silver,CRI Deck
319827,11/1/2018,8:00:17,2402,1,on,35.31166077,-80.74248505,Silver,PORTAL East
319832,11/1/2018,8:01:03,2402,4,on,35.31235123,-80.74172974,Silver,Duke Centennial Hall East
319852,11/1/2018,8:05:09,2402,4,off,35.3079834,-80.73474121,Silver,Woodward Hall East
319858,11/1/2018,8:05:51,2402,1,on,35.3081131,-80.73269653,Silver,Student Union E
319859,11/1/2018,8:05:53,2402,3,off,35.3081131,-80.73269653,Silver,Student Union E
319874,11/1/2018,8:08:39,2402,6,off,35.30801773,-80.73034668,Silver,Aux Services East
319891,11/1/2018,8:12:14,2402,20,on,35.31031036,-80.72654724,Silver,Martin Hall
319896,11/1/2018,8:13:18,2402,12,on,35.30875397,-80.72505188,Silver,Lot 6
319904,11/1/2018,8:14:36,2402,1,off,35.30722427,-80.7252655,Silver,Lot 5A
319908,11/1/2018,8:15:36,2402,13,on,35.30639267,-80.72675324,Silver,Lot 5A
319915,11/1/2018,8:17:22,2402,10,off,35.3075943,-80.72935486,Silver,Fretwell N
319916,11/1/2018,8:17:24,2402,2,on,35.3075943,-80.72935486,Silver,Fretwell N
319919,11/1/2018,8:18:34,2402,1,off,35.30817032,-80.73020935,Silver,Aux Services West
319920,11/1/2018,8:18:38,2402,1,on,35.30817032,-80.73020935,Silver,Aux Services West
319924,11/1/2018,8:19:46,2402,11,off,35.30815506,-80.73262024,Silver,Student Union W
319925,11/1/2018,8:19:54,2402,4,on,35.30815506,-80.73262024,Silver,Student Union W
319929,11/1/2018,8:20:56,2402,1,on,35.30815506,-80.73262024,Silver,Student Union W
319936,11/1/2018,8:22:18,2402,2,on,35.30818176,-80.73264313,Silver,Student Union W
319948,11/1/2018,8:24:18,2402,1,on,35.30745697,-80.73983002,Silver,Athletics Complex W
319955,11/1/2018,8:25:28,2402,1,on,35.3094368,-80.74132538,Silver,Athletics Complex W
319956,11/1/2018,8:25:28,2402,25,off,35.3094368,-80.74132538,Silver,Athletics Complex W
319965,11/1/2018,8:27:04,2402,7,off,35.31097794,-80.74147797,Silver,Grigg Hall W
319972,11/1/2018,8:28:34,2402,1,off,35.31286621,-80.74108124,Silver,Motor Sports
319978,11/1/2018,8:30:08,2402,2,off,35.30961227,-80.74462891,Silver,Portal W
319992,11/1/2018,8:32:42,2402,3,on,35.31236649,-80.74171448,Silver,Duke Centennial Hall East
320000,11/1/2018,8:34:24,2402,1,off,35.30993271,-80.74185181,Silver,EPIC N
320001,11/1/2018,8:34:36,2402,1,on,35.30993271,-80.74185181,Silver,EPIC N
320012,11/1/2018,8:36:58,2402,2,off,35.30809784,-80.73274994,Silver,Student Union E
320017,11/1/2018,8:37:54,2402,1,on,35.30809403,-80.73272705,Silver,Student Union E
320027,11/1/2018,8:39:17,2402,1,off,35.30808258,-80.73036957,Silver,Aux Services East
320037,11/1/2018,8:41:25,2402,1,on,35.31026459,-80.72665405,Silver,Martin Hall
320038,11/1/2018,8:41:29,2402,1,off,35.31026459,-80.72665405,Silver,Martin Hall
320042,11/1/2018,8:42:33,2402,2,on,35.30874634,-80.72506714,Silver,Lot 6
320056,11/1/2018,8:45:15,2402,1,on,35.30761337,-80.7293396,Silver,Fretwell N
320057,11/1/2018,8:45:17,2402,2,off,35.30761337,-80.7293396,Silver,Fretwell N
320065,11/1/2018,8:47:23,2402,1,off,35.30812073,-80.73266602,Silver,Student Union W
320089,11/1/2018,8:54:59,2402,1,off,35.31108093,-80.74315643,Silver,Portal W
320094,11/1/2018,8:57:37,2402,1,off,35.3094635,-80.74404144,Silver,CRI Deck
320151,11/1/2018,9:14:42,2402,2,on,35.3109932,-80.74145508,Silver,Grigg Hall E
320155,11/1/2018,9:15:26,2402,1,on,35.30992127,-80.74186707,Silver,EPIC N
320166,11/1/2018,9:17:54,2402,2,off,35.30797195,-80.73478699,Silver,Woodward Hall East
320173,11/1/2018,9:19:30,2402,1,on,35.30810928,-80.73268127,Silver,CRI Deck
320190,11/1/2018,9:22:49,2402,1,off,35.31029129,-80.72663879,Silver,CRI Deck
320193,11/1/2018,9:23:01,2402,5,on,35.31029129,-80.72663879,Silver,CRI Deck
320267,11/1/2018,9:38:59,2402,2,on,35.30952835,-80.74404144,Silver,CRI Deck
320275,11/1/2018,9:40:23,2402,4,on,35.31167984,-80.74242401,Silver,PORTAL East
320280,11/1/2018,9:41:39,2402,12,on,35.31232834,-80.74169159,Silver,Duke Centennial Hall East
320295,11/1/2018,9:43:27,2402,3,on,35.30994797,-80.7418747,Silver,EPIC N
320312,11/1/2018,9:46:00,2402,7,off,35.30796051,-80.73477936,Silver,Woodward Hall East
320330,11/1/2018,9:48:46,2402,19,off,35.30806351,-80.73267365,Silver,Student Union E
320331,11/1/2018,9:48:52,2402,18,on,35.30806351,-80.73267365,Silver,Student Union E
320344,11/1/2018,9:50:41,2402,1,on,35.30810165,-80.73266602,Silver,Student Union E
320491,11/1/2018,10:19:16,2402,1,on,35.30935288,-80.74403381,Silver,CRI Deck
320492,11/1/2018,10:19:16,2402,1,off,35.30935288,-80.74403381,Silver,CRI Deck
320493,11/1/2018,10:19:22,2402,1,on,35.30935288,-80.74403381,Silver,CRI Deck
320495,11/1/2018,10:20:34,2402,2,on,35.30938721,-80.74404144,Silver,CRI Deck
320504,11/1/2018,10:21:56,2402,1,off,35.31238937,-80.74169159,Silver,Duke Centennial Hall East
320508,11/1/2018,10:22:04,2402,5,on,35.31238937,-80.74169159,Silver,Duke Centennial Hall East
320512,11/1/2018,10:23:29,2402,1,on,35.31096649,-80.7414856,Silver,Grigg Hall E
320513,11/1/2018,10:24:01,2402,2,on,35.30987167,-80.74186707,Silver,EPIC N
320521,11/1/2018,10:25:01,2402,1,on,35.30736923,-80.73981476,Silver,Athletics Complex E
320526,11/1/2018,10:26:01,2402,1,off,35.3080101,-80.73464966,Silver,Woodward Hall East
320528,11/1/2018,10:27:09,2402,9,off,35.30809021,-80.73270416,Silver,Student Union E
320529,11/1/2018,10:27:11,2402,4,on,35.30809021,-80.73270416,Silver,Student Union E
320537,11/1/2018,10:28:45,2402,1,on,35.30809021,-80.73270416,Silver,Student Union E
320547,11/1/2018,10:30:37,2402,1,on,35.30809021,-80.73270416,Silver,Student Union E
320554,11/1/2018,10:31:39,2402,2,off,35.30805206,-80.73036957,Silver,Aux Services East
320559,11/1/2018,10:32:53,2402,1,on,35.31067658,-80.72931671,Silver,Student Health N
320565,11/1/2018,10:34:07,2402,2,off,35.31029892,-80.72668457,Silver,Martin Hall
320566,11/1/2018,10:34:09,2402,3,on,35.31029892,-80.72668457,Silver,Martin Hall
320568,11/1/2018,10:35:15,2402,1,off,35.30877686,-80.72505951,Silver,Lot 6
320569,11/1/2018,10:35:25,2402,3,on,35.30877686,-80.72505951,Silver,Lot 6
320578,11/1/2018,10:36:29,2402,2,on,35.30718994,-80.72523499,Silver,Lot 5A
320579,11/1/2018,10:36:35,2402,4,off,35.30718994,-80.72523499,Silver,Lot 5A
320590,11/1/2018,10:38:53,2402,1,on,35.30758286,-80.72933197,Silver,Fretwell N
320591,11/1/2018,10:38:55,2402,3,off,35.30758286,-80.72933197,Silver,Fretwell N
320605,11/1/2018,10:41:09,2402,5,off,35.30814743,-80.73267365,Silver,Student Union W
320609,11/1/2018,10:41:29,2402,8,on,35.30814743,-80.73267365,Silver,Student Union W
320627,11/1/2018,10:44:51,2402,6,off,35.30933762,-80.74131775,Silver,Athletics Complex W
320631,11/1/2018,10:45:45,2402,1,on,35.3109436,-80.74153137,Silver,Grigg Hall W
320632,11/1/2018,10:45:45,2402,3,off,35.3109436,-80.74153137,Silver,Grigg Hall W
320639,11/1/2018,10:47:01,2402,1,on,35.31280136,-80.74095917,Silver,Motor Sports
320640,11/1/2018,10:47:01,2402,1,off,35.31280136,-80.74095917,Silver,Motor Sports
320644,11/1/2018,10:48:03,2402,1,on,35.31109619,-80.74311829,Silver,Portal W
320645,11/1/2018,10:48:03,2402,1,off,35.31109619,-80.74311829,Silver,Portal W
320655,11/1/2018,10:49:31,2402,8,on,35.30934525,-80.744133,Silver,CRI Deck
320672,11/1/2018,10:52:27,2402,5,on,35.31232071,-80.74175263,Silver,Duke Centennial Hall East
320678,11/1/2018,10:54:16,2402,4,on,35.31098557,-80.74142456,Silver,Grigg Hall E
320681,11/1/2018,10:54:52,2402,1,on,35.30991745,-80.74186707,Silver,EPIC N
320691,11/1/2018,10:57:00,2402,3,off,35.30797958,-80.73477173,Silver,Woodward Hall East
320697,11/1/2018,10:58:04,2402,10,off,35.3081131,-80.73272705,Silver,Student Union E
320699,11/1/2018,10:58:18,2402,4,on,35.3081131,-80.73272705,Silver,Student Union E
320706,11/1/2018,10:59:08,2402,1,on,35.3080368,-80.7303772,Silver,Aux Services East
320707,11/1/2018,10:59:10,2402,4,off,35.3080368,-80.7303772,Silver,Aux Services East
320717,11/1/2018,11:00:40,2402,2,off,35.31074524,-80.72926331,Silver,Student Health N
320722,11/1/2018,11:01:48,2402,1,off,35.31028748,-80.72667694,Silver,Martin Hall
320723,11/1/2018,11:02:12,2402,13,on,35.31028748,-80.72667694,Silver,Martin Hall
320732,11/1/2018,11:03:28,2402,1,off,35.30880356,-80.72506714,Silver,Lot 6
320738,11/1/2018,11:04:30,2402,1,off,35.3072052,-80.72522736,Silver,Lot 5A
320739,11/1/2018,11:04:36,2402,4,on,35.3072052,-80.72522736,Silver,Lot 5A
320741,11/1/2018,11:05:20,2402,2,off,35.30638504,-80.72678375,Silver,East Deck 2
320752,11/1/2018,11:06:58,2402,4,off,35.30754089,-80.7293396,Silver,Fretwell N
320753,11/1/2018,11:07:06,2402,5,on,35.30754089,-80.7293396,Silver,Fretwell N
320760,11/1/2018,11:08:00,2402,2,on,35.30815506,-80.73023224,Silver,Aux Services West
320761,11/1/2018,11:08:02,2402,2,off,35.30815506,-80.73023224,Silver,Aux Services West
320774,11/1/2018,11:09:45,2402,7,off,35.3081131,-80.73269653,Silver,Student Union W
320775,11/1/2018,11:09:53,2402,1,on,35.3081131,-80.73269653,Silver,Student Union W
320776,11/1/2018,11:10:17,2402,2,on,35.3081131,-80.73269653,Silver,Student Union W
320800,11/1/2018,11:13:33,2402,5,off,35.30932999,-80.74131775,Silver,Athletics Complex W
320807,11/1/2018,11:14:37,2402,2,off,35.31094742,-80.74152374,Silver,Grigg Hall W
320816,11/1/2018,11:15:49,2402,2,off,35.31280136,-80.74094391,Silver,Motor Sports
320827,11/1/2018,11:17:15,2402,3,off,35.31108475,-80.74311829,Silver,Portal W
320838,11/1/2018,11:19:29,2402,1,off,35.30938339,-80.74411774,Silver,CRI Deck
320844,11/1/2018,11:20:39,2402,1,on,35.30938339,-80.74411774,Silver,CRI Deck
320869,11/1/2018,11:26:26,2402,3,on,35.31097031,-80.7414856,Silver,Grigg Hall E
320875,11/1/2018,11:27:30,2402,6,on,35.30981827,-80.74185181,Silver,EPIC N
320885,11/1/2018,11:28:36,2402,1,on,35.30741882,-80.73984528,Silver,Athletics Complex E
320893,11/1/2018,11:30:04,2402,1,off,35.3079567,-80.73475647,Silver,Woodward Hall East
320905,11/1/2018,11:31:26,2402,8,off,35.30807495,-80.73271179,Silver,Student Union E
320909,11/1/2018,11:32:26,2402,1,on,35.30807495,-80.73271179,Silver,Student Union E
320919,11/1/2018,11:33:40,2402,1,off,35.30804062,-80.73040009,Silver,Aux Services East
320921,11/1/2018,11:33:48,2402,2,on,35.30804062,-80.73040009,Silver,Aux Services East
320931,11/1/2018,11:35:16,2402,2,off,35.31066513,-80.72931671,Silver,Student Health N
320940,11/1/2018,11:36:58,2402,1,on,35.31029892,-80.72669983,Silver,Martin Hall
320941,11/1/2018,11:36:58,2402,3,off,35.31029892,-80.72669983,Silver,Martin Hall
320954,11/1/2018,11:39:42,2402,2,on,35.31029892,-80.72669983,Silver,Martin Hall
320967,11/1/2018,11:41:22,2402,2,on,35.30879211,-80.72506714,Silver,Lot 6
320977,11/1/2018,11:43:00,2402,1,on,35.3071785,-80.72527313,Silver,Lot 5A
320985,11/1/2018,11:45:18,2402,1,off,35.30754852,-80.72930145,Silver,Fretwell N
320992,11/1/2018,11:46:46,2402,1,on,35.3081131,-80.73265076,Silver,Student Union W
320993,11/1/2018,11:46:48,2402,4,off,35.3081131,-80.73265076,Silver,Student Union W
321003,11/1/2018,11:47:58,2402,1,on,35.3081131,-80.73265076,Silver,Student Union W
321017,11/1/2018,11:51:04,2402,1,off,35.30934906,-80.74131775,Silver,Athletics Complex W
321027,11/1/2018,11:52:58,2402,1,off,35.31278229,-80.74095154,Silver,Motor Sports
321044,11/1/2018,11:56:49,2402,1,on,35.30945969,-80.74402618,Silver,CRI Deck
321045,11/1/2018,11:56:49,2402,1,off,35.30945969,-80.74402618,Silver,CRI Deck
321133,11/1/2018,12:13:04,2402,1,on,35.30949402,-80.74399567,Silver,CRI Deck
321144,11/1/2018,12:15:14,2402,2,on,35.31233978,-80.74172974,Silver,Duke Centennial Hall East
321158,11/1/2018,12:17:20,2402,1,on,35.30990982,-80.74183655,Silver,EPIC N
321175,11/1/2018,12:20:11,2402,1,off,35.3079567,-80.73475647,Silver,Woodward Hall East
321180,11/1/2018,12:21:19,2402,2,off,35.3080864,-80.73267365,Silver,Student Union E
321181,11/1/2018,12:21:21,2402,1,on,35.3080864,-80.73267365,Silver,Student Union E
321197,11/1/2018,12:24:39,2402,1,on,35.31079865,-80.72933197,Silver,Student Health N
321204,11/1/2018,12:26:07,2402,1,off,35.31028366,-80.7266922,Silver,Martin Hall
321208,11/1/2018,12:26:49,2402,6,on,35.31022644,-80.72650147,Silver,Martin Hall
321211,11/1/2018,12:27:35,2402,3,on,35.3087616,-80.72507477,Silver,Lot 6
321220,11/1/2018,12:29:17,2402,3,on,35.30717468,-80.7252655,Silver,Lot 5A
321224,11/1/2018,12:30:11,2402,1,on,35.30635071,-80.72680664,Silver,East Deck 2
321225,11/1/2018,12:30:13,2402,1,off,35.30635071,-80.72680664,Silver,East Deck 2
321236,11/1/2018,12:31:45,2402,2,on,35.30763245,-80.72931671,Silver,Fretwell N
321252,11/1/2018,12:33:49,2402,10,off,35.30807877,-80.73247528,Silver,Student Union W
321258,11/1/2018,12:34:45,2402,11,on,35.30807114,-80.73269653,Silver,Student Union W
321273,11/1/2018,12:38:07,2402,9,off,35.3093338,-80.74138641,Silver,Athletics Complex W
321282,11/1/2018,12:39:05,2402,1,off,35.31098938,-80.74150085,Silver,Grigg Hall W
321292,11/1/2018,12:40:35,2402,3,off,35.31280518,-80.7410202,Silver,Motor Sports
321306,11/1/2018,12:42:49,2402,2,off,35.30965042,-80.74462891,Silver,Portal W
321312,11/1/2018,12:43:31,2402,2,off,35.30942154,-80.74407959,Silver,CRI Deck
321314,11/1/2018,12:43:41,2402,6,on,35.30942154,-80.74407959,Silver,CRI Deck
321323,11/1/2018,12:45:01,2402,1,off,35.31165314,-80.74243927,Silver,PORTAL East
321329,11/1/2018,12:45:33,2402,5,on,35.31165695,-80.74237061,Silver,PORTAL East
321339,11/1/2018,12:46:59,2402,30,on,35.31230927,-80.74162293,Silver,Duke Centennial Hall East
321351,11/1/2018,12:49:02,2402,11,on,35.31092453,-80.74145508,Silver,Grigg Hall E
321358,11/1/2018,12:49:54,2402,3,off,35.30970383,-80.74172211,Silver,EPIC N
321360,11/1/2018,12:50:02,2402,1,on,35.30970383,-80.74172211,Silver,EPIC N
321365,11/1/2018,12:51:12,2402,1,on,35.30739975,-80.73986816,Silver,Athletics Complex E
321372,11/1/2018,12:52:50,2402,19,off,35.30797195,-80.73478699,Silver,Woodward Hall East
321373,11/1/2018,12:52:52,2402,5,on,35.30797195,-80.73478699,Silver,Woodward Hall East
321375,11/1/2018,12:52:54,2402,1,on,35.30797195,-80.73478699,Silver,Woodward Hall East
321381,11/1/2018,12:54:14,2402,21,off,35.30809021,-80.73272705,Silver,Student Union E
321384,11/1/2018,12:54:36,2402,19,on,35.30809021,-80.73272705,Silver,Student Union E
321397,11/1/2018,12:56:16,2402,10,off,35.3080864,-80.73039246,Silver,Aux Services East
321400,11/1/2018,12:56:28,2402,5,on,35.3080864,-80.73039246,Silver,Aux Services East
321415,11/1/2018,12:58:44,2402,1,off,35.31064606,-80.72932434,Silver,Student Health N
321427,11/1/2018,13:00:38,2402,13,off,35.31030655,-80.72667694,Silver,Martin Hall
321429,11/1/2018,13:00:52,2402,6,on,35.31030655,-80.72667694,Silver,Martin Hall
321435,11/1/2018,13:02:00,2402,3,on,35.30877686,-80.72506714,Silver,Lot 6
321436,11/1/2018,13:02:02,2402,12,off,35.30877686,-80.72506714,Silver,Lot 6
321444,11/1/2018,13:03:56,2402,3,off,35.30716705,-80.7252655,Silver,Lot 5A
321445,11/1/2018,13:03:58,2402,4,on,35.30716705,-80.7252655,Silver,Lot 5A
321449,11/1/2018,13:04:50,2402,5,off,35.30635834,-80.72683716,Silver,East Deck 2
321458,11/1/2018,13:06:38,2402,2,off,35.30761719,-80.72931671,Silver,Fretwell N
321459,11/1/2018,13:06:40,2402,3,on,35.30761719,-80.72931671,Silver,Fretwell N
321463,11/1/2018,13:07:30,2402,1,on,35.30815506,-80.73023987,Silver,Aux Services West
321464,11/1/2018,13:07:32,2402,1,off,35.30815506,-80.73023987,Silver,Aux Services West
321468,11/1/2018,13:08:38,2402,6,off,35.30812454,-80.73266602,Silver,Student Union W
321471,11/1/2018,13:09:08,2402,8,on,35.30812454,-80.73266602,Silver,Student Union W
321493,11/1/2018,13:12:32,2402,7,off,35.30936813,-80.74129486,Silver,Athletics Complex W
321497,11/1/2018,13:13:26,2402,2,off,35.3109169,-80.74152374,Silver,Grigg Hall W
321502,11/1/2018,13:14:34,2402,1,on,35.31280518,-80.74095154,Silver,Motor Sports
321503,11/1/2018,13:14:34,2402,3,off,35.31280518,-80.74095154,Silver,Motor Sports
321517,11/1/2018,13:17:12,2402,3,on,35.30936432,-80.74412537,Silver,CRI Deck
321518,11/1/2018,13:17:12,2402,3,off,35.30936432,-80.74412537,Silver,CRI Deck
321520,11/1/2018,13:17:18,2402,2,on,35.30936432,-80.74412537,Silver,CRI Deck
321540,11/1/2018,13:21:24,2402,1,off,35.31167984,-80.74246979,Silver,PORTAL East
321541,11/1/2018,13:21:26,2402,2,on,35.31167984,-80.74246979,Silver,PORTAL East
321549,11/1/2018,13:22:20,2402,2,on,35.31232452,-80.74172974,Silver,Duke Centennial Hall East
321560,11/1/2018,13:24:35,2402,2,on,35.30990982,-80.74185181,Silver,EPIC N
321571,11/1/2018,13:27:07,2402,3,off,35.3079567,-80.73471069,Silver,Woodward Hall East
321572,11/1/2018,13:27:09,2402,3,on,35.3079567,-80.73471069,Silver,Woodward Hall East
321575,11/1/2018,13:27:57,2402,4,off,35.30810928,-80.73271179,Silver,Student Union E
321576,11/1/2018,13:28:11,2402,11,on,35.30810165,-80.7326889,Silver,Student Union E
321579,11/1/2018,13:29:05,2402,1,on,35.30805969,-80.73036194,Silver,Aux Services East
321591,11/1/2018,13:31:39,2402,1,on,35.31028366,-80.72667694,Silver,Martin Hall
321592,11/1/2018,13:31:41,2402,6,off,35.31028366,-80.72667694,Silver,Martin Hall
321596,11/1/2018,13:32:43,2402,1,on,35.30876541,-80.72504425,Silver,Lot 6
321597,11/1/2018,13:32:53,2402,7,off,35.30876541,-80.72504425,Silver,Lot 6
321608,11/1/2018,13:34:23,2402,3,off,35.30717087,-80.72522736,Silver,Lot 5A
321613,11/1/2018,13:36:39,2402,1,off,35.30815888,-80.7301712,Silver,Aux Services West
321614,11/1/2018,13:36:41,2402,1,on,35.30815888,-80.7301712,Silver,Aux Services West
321619,11/1/2018,13:37:47,2402,3,on,35.30817032,-80.73260498,Silver,Student Union W
321629,11/1/2018,13:39:35,2402,6,on,35.30817032,-80.73260498,Silver,Student Union W
321644,11/1/2018,13:42:47,2402,3,off,35.30969238,-80.74172974,Silver,Athletics Complex W
321647,11/1/2018,13:43:45,2402,2,off,35.31096268,-80.74150085,Silver,Grigg Hall W
321661,11/1/2018,13:46:23,2402,1,off,35.31106186,-80.74311066,Silver,Portal W
321668,11/1/2018,13:47:49,2402,1,on,35.3093605,-80.744133,Silver,CRI Deck
321670,11/1/2018,13:47:49,2402,5,off,35.3093605,-80.744133,Silver,CRI Deck
321683,11/1/2018,13:50:01,2402,1,on,35.31169128,-80.74245453,Silver,PORTAL East
321688,11/1/2018,13:50:43,2402,1,on,35.31235886,-80.74172211,Silver,Duke Centennial Hall East
321696,11/1/2018,13:52:35,2402,2,on,35.30989075,-80.74184418,Silver,EPIC N
321708,11/1/2018,13:55:19,2402,3,off,35.30807495,-80.73270416,Silver,Student Union E
321710,11/1/2018,13:55:29,2402,3,on,35.30807495,-80.73270416,Silver,Student Union E
321716,11/1/2018,13:56:46,2402,1,off,35.30804062,-80.73040009,Silver,Aux Services East
321719,11/1/2018,13:57:00,2402,2,on,35.30804062,-80.73040009,Silver,Aux Services East
321728,11/1/2018,13:58:30,2402,1,on,35.31069565,-80.72927094,Silver,Student Health N
321731,11/1/2018,13:59:32,2402,1,off,35.31026077,-80.72668457,Silver,Martin Hall
321733,11/1/2018,13:59:56,2402,11,on,35.31026077,-80.72668457,Silver,Martin Hall
321738,11/1/2018,14:01:00,2402,3,on,35.30875778,-80.72505951,Silver,Lot 6
321740,11/1/2018,14:01:06,2402,4,off,35.30875778,-80.72505951,Silver,Lot 6
321750,11/1/2018,14:03:10,2402,6,on,35.30719376,-80.72522736,Silver,Lot 5A
321755,11/1/2018,14:04:00,2402,1,on,35.30631256,-80.72680664,Silver,East Deck 2
321765,11/1/2018,14:06:04,2402,9,off,35.30753708,-80.72930145,Silver,Fretwell N
321766,11/1/2018,14:06:06,2402,3,on,35.30753708,-80.72930145,Silver,Fretwell N
321772,11/1/2018,14:07:16,2402,4,off,35.30813599,-80.73019409,Silver,Aux Services West
321773,11/1/2018,14:07:18,2402,3,on,35.30813599,-80.73019409,Silver,Aux Services West
321782,11/1/2018,14:08:36,2402,5,off,35.30809403,-80.7326889,Silver,Student Union W
321789,11/1/2018,14:09:00,2402,1,off,35.30809403,-80.7326889,Silver,Student Union W
321800,11/1/2018,14:11:02,2402,31,on,35.30809403,-80.7326889,Silver,Student Union W
321815,11/1/2018,14:13:50,2402,3,off,35.30932236,-80.74131012,Silver,Athletics Complex W
321817,11/1/2018,14:14:00,2402,18,off,35.30932236,-80.74131012,Silver,Athletics Complex W
321822,11/1/2018,14:14:54,2402,7,off,35.31095886,-80.74151611,Silver,Grigg Hall W
321833,11/1/2018,14:16:10,2402,4,off,35.31279373,-80.7409668,Silver,Motor Sports
321843,11/1/2018,14:17:32,2402,4,off,35.31104279,-80.74311829,Silver,Portal W
321848,11/1/2018,14:18:52,2402,4,off,35.3093605,-80.74412537,Silver,CRI Deck
321851,11/1/2018,14:19:04,2402,2,on,35.3093605,-80.74412537,Silver,CRI Deck
321865,11/1/2018,14:21:28,2402,9,on,35.31238174,-80.741745,Silver,Duke Centennial Hall East
321878,11/1/2018,14:23:30,2402,10,on,35.3109436,-80.74147034,Silver,Grigg Hall E
321885,11/1/2018,14:24:20,2402,5,on,35.30987549,-80.74186707,Silver,EPIC N
321901,11/1/2018,14:27:09,2402,1,off,35.30794525,-80.7347641,Silver,Woodward Hall East
321902,11/1/2018,14:27:15,2402,2,on,35.30794525,-80.7347641,Silver,Woodward Hall East
321912,11/1/2018,14:28:53,2402,8,off,35.3080368,-80.73265839,Silver,Student Union E
321913,11/1/2018,14:28:59,2402,10,on,35.3080368,-80.73265839,Silver,Student Union E
321921,11/1/2018,14:30:17,2402,1,off,35.3080368,-80.73265839,Silver,Student Union E
321922,11/1/2018,14:30:23,2402,1,on,35.3080368,-80.73265839,Silver,Student Union E
321923,11/1/2018,14:30:25,2402,1,off,35.3080368,-80.73265839,Silver,Student Union E
321935,11/1/2018,14:32:11,2402,3,on,35.30803299,-80.7303772,Silver,Aux Services East
321936,11/1/2018,14:32:11,2402,5,off,35.30803299,-80.7303772,Silver,Aux Services East
321937,11/1/2018,14:32:13,2402,3,on,35.30803299,-80.7303772,Silver,Aux Services East
321941,11/1/2018,14:33:17,2402,1,off,35.30896378,-80.72929382,Silver,Hickory Hall North
321945,11/1/2018,14:33:59,2402,1,on,35.31074524,-80.72929382,Silver,Student Health N
321946,11/1/2018,14:34:01,2402,2,on,35.31074524,-80.72929382,Silver,Student Health N
321947,11/1/2018,14:34:03,2402,2,off,35.31074524,-80.72929382,Silver,Student Health N
321955,11/1/2018,14:35:51,2402,5,on,35.31027985,-80.72664642,Silver,Martin Hall
321956,11/1/2018,14:35:51,2402,7,off,35.31027985,-80.72664642,Silver,Martin Hall
321957,11/1/2018,14:35:53,2402,2,on,35.31027985,-80.72664642,Silver,Martin Hall
321962,11/1/2018,14:37:03,2402,3,on,35.30874634,-80.72505951,Silver,Lot 6
321963,11/1/2018,14:37:09,2402,4,on,35.30874634,-80.72505951,Silver,Lot 6
321964,11/1/2018,14:37:11,2402,7,off,35.30874634,-80.72505951,Silver,Lot 6
321975,11/1/2018,14:38:57,2402,2,on,35.30716324,-80.72523499,Silver,Lot 5A
321977,11/1/2018,14:39:05,2402,3,on,35.30716324,-80.72523499,Silver,Lot 5A
321978,11/1/2018,14:39:05,2402,6,off,35.30716324,-80.72523499,Silver,Lot 5A
321982,11/1/2018,14:39:49,2402,3,on,35.30632019,-80.72687531,Silver,East Deck 2
321983,11/1/2018,14:39:49,2402,3,off,35.30632019,-80.72687531,Silver,East Deck 2
321984,11/1/2018,14:39:57,2402,1,on,35.30632019,-80.72687531,Silver,East Deck 2
321987,11/1/2018,14:41:37,2402,2,on,35.30760574,-80.72932434,Silver,Fretwell N
321988,11/1/2018,14:41:37,2402,3,off,35.30760574,-80.72932434,Silver,Fretwell N
321990,11/1/2018,14:41:39,2402,2,on,35.30760574,-80.72932434,Silver,Fretwell N
322003,11/1/2018,14:43:25,2402,1,on,35.3081131,-80.73267365,Silver,Student Union W
322005,11/1/2018,14:43:29,2402,6,off,35.3081131,-80.73267365,Silver,Student Union W
322006,11/1/2018,14:43:31,2402,6,on,35.3081131,-80.73267365,Silver,Student Union W
322024,11/1/2018,14:48:31,2402,1,off,35.30935288,-80.74131775,Silver,Athletics Complex W
322027,11/1/2018,14:49:25,2402,1,off,35.31092453,-80.7414856,Silver,Grigg Hall W
322034,11/1/2018,14:50:41,2402,4,on,35.31276703,-80.74095154,Silver,Motor Sports
322035,11/1/2018,14:50:41,2402,5,off,35.31276703,-80.74095154,Silver,Motor Sports
322043,11/1/2018,14:51:53,2402,2,on,35.31106949,-80.74308014,Silver,Portal W
322044,11/1/2018,14:51:53,2402,2,off,35.31106949,-80.74308014,Silver,Portal W
322053,11/1/2018,14:53:29,2402,1,on,35.30941391,-80.7440567,Silver,CRI Deck
322054,11/1/2018,14:53:29,2402,1,off,35.30941391,-80.7440567,Silver,CRI Deck
322068,11/1/2018,14:55:51,2402,1,on,35.31164169,-80.7424469,Silver,PORTAL East
322071,11/1/2018,14:56:40,2402,1,on,35.31232834,-80.74170685,Silver,Duke Centennial Hall East
322080,11/1/2018,14:58:24,2402,4,on,35.31098557,-80.74144745,Silver,Grigg Hall E
322084,11/1/2018,14:59:04,2402,1,on,35.30988312,-80.74182129,Silver,EPIC N
322107,11/1/2018,15:01:54,2402,2,off,35.30792236,-80.73475647,Silver,Woodward Hall East
322117,11/1/2018,15:03:24,2402,1,off,35.30804443,-80.73271179,Silver,Student Union E
322119,11/1/2018,15:03:30,2402,6,on,35.30804443,-80.73271179,Silver,Student Union E
322129,11/1/2018,15:04:36,2402,1,on,35.30804443,-80.73271179,Silver,Student Union E
322130,11/1/2018,15:04:38,2402,1,on,35.30804443,-80.73271179,Silver,Student Union E
322134,11/1/2018,15:05:31,2402,1,on,35.30804443,-80.73271179,Silver,Student Union E
322149,11/1/2018,15:07:42,2402,5,on,35.30804443,-80.73271179,Silver,Student Union E
322152,11/1/2018,15:08:38,2402,3,off,35.30802155,-80.73039246,Silver,Aux Services East
322154,11/1/2018,15:08:44,2402,4,on,35.30802155,-80.73039246,Silver,Aux Services East
322162,11/1/2018,15:09:42,2402,1,off,35.30898666,-80.72926331,Silver,Hickory Hall North
322163,11/1/2018,15:09:48,2402,2,on,35.30898666,-80.72926331,Silver,Hickory Hall North
322166,11/1/2018,15:10:30,2402,1,off,35.31080246,-80.72924805,Silver,Student Health N
322172,11/1/2018,15:11:52,2402,2,on,35.31031799,-80.72666931,Silver,Martin Hall
322174,11/1/2018,15:11:52,2402,11,off,35.31031799,-80.72666931,Silver,Martin Hall
322175,11/1/2018,15:12:20,2402,3,on,35.31029511,-80.72666168,Silver,Martin Hall
322179,11/1/2018,15:13:18,2402,4,on,35.30875778,-80.72504425,Silver,Lot 6
322180,11/1/2018,15:13:18,2402,6,off,35.30875778,-80.72504425,Silver,Lot 6
322189,11/1/2018,15:14:44,2402,2,on,35.30716324,-80.72519684,Silver,Lot 5A
322194,11/1/2018,15:15:24,2402,2,off,35.30637741,-80.72689819,Silver,East Deck 2
322204,11/1/2018,15:17:12,2402,1,on,35.30755997,-80.72928619,Silver,Fretwell N
322205,11/1/2018,15:17:12,2402,1,off,35.30755997,-80.72928619,Silver,Fretwell N
322206,11/1/2018,15:17:14,2402,2,on,35.30755997,-80.72928619,Silver,Fretwell N
322218,11/1/2018,15:18:46,2402,4,off,35.30811691,-80.73261261,Silver,Student Union W
322222,11/1/2018,15:20:04,2402,9,on,35.30811691,-80.73261261,Silver,Student Union W
322244,11/1/2018,15:25:04,2402,3,off,35.30935288,-80.74132538,Silver,Athletics Complex W
322245,11/1/2018,15:25:10,2402,1,on,35.30935288,-80.74132538,Silver,Athletics Complex W
322252,11/1/2018,15:26:02,2402,3,off,35.31091309,-80.74150848,Silver,Grigg Hall W
322260,11/1/2018,15:28:19,2402,2,on,35.31106949,-80.74306488,Silver,Portal W
322261,11/1/2018,15:28:19,2402,4,off,35.31106949,-80.74306488,Silver,Portal W
322268,11/1/2018,15:29:39,2402,3,on,35.30939484,-80.74411774,Silver,CRI Deck
322269,11/1/2018,15:29:39,2402,3,off,35.30939484,-80.74411774,Silver,CRI Deck
322282,11/1/2018,15:31:47,2402,1,on,35.30939102,-80.74409485,Silver,CRI Deck
322296,11/1/2018,15:34:33,2402,7,on,35.31233215,-80.74170685,Silver,Duke Centennial Hall East
322308,11/1/2018,15:36:05,2402,1,on,35.31100082,-80.74143219,Silver,Grigg Hall E
322312,11/1/2018,15:36:49,2402,5,on,35.30987549,-80.74181366,Silver,EPIC N
322323,11/1/2018,15:39:03,2402,1,on,35.30790329,-80.73473358,Silver,Woodward Hall East
322329,11/1/2018,15:40:05,2402,7,off,35.30802918,-80.73271179,Silver,Student Union E
322338,11/1/2018,15:42:03,2402,17,on,35.30802918,-80.73271179,Silver,Student Union E
322340,11/1/2018,15:42:17,2402,1,off,35.30802918,-80.73271179,Silver,Student Union E
322347,11/1/2018,15:43:29,2402,3,on,35.30799484,-80.73035431,Silver,Aux Services East
322348,11/1/2018,15:43:31,2402,7,off,35.30799484,-80.73035431,Silver,Aux Services East
322366,11/1/2018,15:46:27,2402,5,off,35.31029511,-80.72665405,Silver,Martin Hall
322368,11/1/2018,15:46:47,2402,14,on,35.31029511,-80.72665405,Silver,Martin Hall
322378,11/1/2018,15:48:11,2402,7,off,35.30871964,-80.72504425,Silver,Lot 6
322380,11/1/2018,15:48:13,2402,10,on,35.30871964,-80.72504425,Silver,Lot 6
322389,11/1/2018,15:49:37,2402,6,off,35.30718994,-80.72527313,Silver,Lot 5A
322390,11/1/2018,15:49:43,2402,10,on,35.30718994,-80.72527313,Silver,Lot 5A
322394,11/1/2018,15:50:25,2402,2,off,35.30640793,-80.72677612,Silver,East Deck 2
322408,11/1/2018,15:52:47,2402,6,on,35.30761719,-80.72930145,Silver,Fretwell N
322409,11/1/2018,15:52:49,2402,11,off,35.30761719,-80.72930145,Silver,Fretwell N
322416,11/1/2018,15:53:39,2402,1,off,35.30815506,-80.73022461,Silver,Aux Services West
322417,11/1/2018,15:53:41,2402,2,on,35.30815506,-80.73022461,Silver,Aux Services West
322424,11/1/2018,15:55:13,2402,12,off,35.30813599,-80.73262787,Silver,Student Union W
322429,11/1/2018,15:55:53,2402,30,on,35.30813599,-80.73262787,Silver,Student Union W
322446,11/1/2018,15:59:34,2402,1,on,35.30938721,-80.74138641,Silver,Athletics Complex W
322449,11/1/2018,15:59:50,2402,25,off,35.30938721,-80.74138641,Silver,Athletics Complex W
322451,11/1/2018,15:59:58,2402,3,on,35.30938721,-80.74138641,Silver,Athletics Complex W
322454,11/1/2018,16:00:50,2402,1,on,35.31095505,-80.74150085,Silver,Grigg Hall W
322459,11/1/2018,16:01:02,2402,11,off,35.31095505,-80.74150085,Silver,Grigg Hall W
322467,11/1/2018,16:02:08,2402,3,off,35.31274796,-80.74088287,Silver,Motor Sports
322471,11/1/2018,16:03:20,2402,4,off,35.31110001,-80.74307251,Silver,Portal W
322484,11/1/2018,16:04:42,2402,1,on,35.30940247,-80.74409485,Silver,CRI Deck
322485,11/1/2018,16:04:42,2402,11,off,35.30940247,-80.74409485,Silver,CRI Deck
322494,11/1/2018,16:07:48,2402,5,on,35.31235886,-80.74172974,Silver,Duke Centennial Hall East
322507,11/1/2018,16:09:24,2402,1,on,35.3109932,-80.74143982,Silver,Grigg Hall E
322510,11/1/2018,16:10:12,2402,4,on,35.30984879,-80.74183655,Silver,EPIC N
322514,11/1/2018,16:11:30,2402,1,on,35.30737686,-80.73981476,Silver,Athletics Complex E
322520,11/1/2018,16:12:38,2402,1,off,35.30792999,-80.73466492,Silver,Woodward Hall East
322529,11/1/2018,16:13:46,2402,4,off,35.30807114,-80.73273468,Silver,Student Union E
322533,11/1/2018,16:14:20,2402,3,on,35.30807114,-80.73273468,Silver,Student Union E
322535,11/1/2018,16:15:12,2402,2,off,35.30805969,-80.73038483,Silver,Aux Services East
322537,11/1/2018,16:15:14,2402,3,on,35.30805969,-80.73038483,Silver,Aux Services East
322550,11/1/2018,16:17:46,2402,4,on,35.31029511,-80.72665405,Silver,Martin Hall
322554,11/1/2018,16:18:54,2402,2,on,35.30875778,-80.72507477,Silver,Lot 6
322555,11/1/2018,16:18:56,2402,4,off,35.30875778,-80.72507477,Silver,Lot 6
322561,11/1/2018,16:20:12,2402,4,on,35.30721664,-80.72524262,Silver,Lot 5A
322562,11/1/2018,16:20:14,2402,6,off,35.30721664,-80.72524262,Silver,Lot 5A
322575,11/1/2018,16:22:14,2402,3,off,35.30756378,-80.72932434,Silver,Fretwell N
322576,11/1/2018,16:22:16,2402,4,on,35.30756378,-80.72932434,Silver,Fretwell N
322577,11/1/2018,16:22:18,2402,1,off,35.30756378,-80.72932434,Silver,Fretwell N
322579,11/1/2018,16:23:00,2402,1,off,35.3081665,-80.73023987,Silver,Aux Services West
322584,11/1/2018,16:23:54,2402,6,off,35.30816269,-80.73265076,Silver,Student Union W
322588,11/1/2018,16:24:32,2402,1,on,35.30816269,-80.73265076,Silver,Student Union W
322596,11/1/2018,16:27:22,2402,1,on,35.30745316,-80.73985291,Silver,Athletics Complex W
322612,11/1/2018,16:30:27,2402,4,off,35.3110733,-80.74304962,Silver,Portal W
322621,11/1/2018,16:31:51,2402,1,on,35.3094101,-80.74407196,Silver,CRI Deck
322622,11/1/2018,16:31:51,2402,2,off,35.3094101,-80.74407196,Silver,CRI Deck
322628,11/1/2018,16:32:29,2402,1,on,35.3094101,-80.74407196,Silver,CRI Deck
322648,11/1/2018,16:38:47,2402,14,on,35.31236649,-80.74170685,Silver,Duke Centennial Hall East
322655,11/1/2018,16:40:13,2402,1,on,35.31098557,-80.74143982,Silver,Grigg Hall E
322657,11/1/2018,16:40:49,2402,1,on,35.30986786,-80.74185944,Silver,EPIC N
322666,11/1/2018,16:43:09,2402,1,on,35.30799103,-80.73473358,Silver,Woodward Hall East
322667,11/1/2018,16:43:11,2402,4,off,35.30799103,-80.73473358,Silver,Woodward Hall East
322671,11/1/2018,16:44:11,2402,5,on,35.30810547,-80.73275757,Silver,Student Union E
322673,11/1/2018,16:44:15,2402,7,off,35.30810547,-80.73275757,Silver,Student Union E
322681,11/1/2018,16:45:17,2402,5,off,35.30807495,-80.73040009,Silver,Aux Services East
322682,11/1/2018,16:45:19,2402,4,on,35.30807495,-80.73040009,Silver,Aux Services East
322695,11/1/2018,16:47:49,2402,3,on,35.31027222,-80.72665405,Silver,Martin Hall
322696,11/1/2018,16:47:51,2402,6,off,35.31027222,-80.72665405,Silver,Martin Hall
322701,11/1/2018,16:48:59,2402,1,on,35.30879974,-80.72505188,Silver,Lot 6
322702,11/1/2018,16:49:03,2402,2,off,35.30879974,-80.72505188,Silver,Lot 6
322710,11/1/2018,16:50:11,2402,1,on,35.30722809,-80.72523499,Silver,Lot 5A
322712,11/1/2018,16:50:15,2402,3,off,35.30722809,-80.72523499,Silver,Lot 5A
322714,11/1/2018,16:50:51,2402,1,off,35.30638886,-80.72673035,Silver,East Deck 2
322727,11/1/2018,16:52:51,2402,1,off,35.30759049,-80.72936249,Silver,Fretwell N
322735,11/1/2018,16:53:57,2402,1,on,35.30812836,-80.73023224,Silver,Aux Services West
322736,11/1/2018,16:53:59,2402,1,off,35.30812836,-80.73023224,Silver,Aux Services West
322745,11/1/2018,16:55:21,2402,3,off,35.30810165,-80.73262787,Silver,Student Union W
322753,11/1/2018,16:56:35,2402,5,on,35.30810165,-80.73262787,Silver,Student Union W
322778,11/1/2018,17:00:54,2402,2,off,35.30937195,-80.74131012,Silver,Athletics Complex W
322784,11/1/2018,17:01:44,2402,2,off,35.31101227,-80.74147797,Silver,Grigg Hall W
322793,11/1/2018,17:03:40,2402,1,on,35.31108475,-80.74308014,Silver,Portal W
322794,11/1/2018,17:03:40,2402,2,off,35.31108475,-80.74308014,Silver,Portal W
322801,11/1/2018,17:05:40,2402,1,on,35.30942154,-80.74411011,Silver,CRI Deck
322802,11/1/2018,17:05:40,2402,1,off,35.30942154,-80.74411011,Silver,CRI Deck
322833,11/1/2018,17:10:20,2402,4,on,35.30970001,-80.74432373,Silver,CRI Deck
322840,11/1/2018,17:11:30,2402,4,on,35.31164169,-80.74243164,Silver,PORTAL East
322846,11/1/2018,17:12:34,2402,7,on,35.3123436,-80.74172211,Silver,Duke Centennial Hall East
322855,11/1/2018,17:14:00,2402,4,on,35.31100845,-80.74143982,Silver,Grigg Hall E
322859,11/1/2018,17:14:58,2402,3,on,35.30987167,-80.74184418,Silver,EPIC N
322876,11/1/2018,17:17:32,2402,4,on,35.30797195,-80.73471069,Silver,Woodward Hall East
322877,11/1/2018,17:17:34,2402,1,on,35.30797195,-80.73471069,Silver,Woodward Hall East
322878,11/1/2018,17:17:34,2402,5,off,35.30797195,-80.73471069,Silver,Woodward Hall East
322885,11/1/2018,17:19:16,2402,8,off,35.30807877,-80.73270416,Silver,Student Union E
322889,11/1/2018,17:19:46,2402,17,on,35.30807877,-80.73270416,Silver,Student Union E
322902,11/1/2018,17:22:02,2402,3,on,35.30807495,-80.73036194,Silver,Aux Services East
322904,11/1/2018,17:22:08,2402,4,off,35.30807495,-80.73036194,Silver,Aux Services East
322924,11/1/2018,17:26:14,2402,1,on,35.31075287,-80.72930145,Silver,Student Health N
322925,11/1/2018,17:26:16,2402,3,off,35.31075287,-80.72930145,Silver,Student Health N
322934,11/1/2018,17:28:33,2402,4,on,35.31028748,-80.72668457,Silver,Martin Hall
322935,11/1/2018,17:28:41,2402,16,off,35.31028748,-80.72668457,Silver,Martin Hall
322942,11/1/2018,17:29:55,2402,4,on,35.30875778,-80.72505188,Silver,Lot 6
322943,11/1/2018,17:29:57,2402,5,off,35.30875778,-80.72505188,Silver,Lot 6
322958,11/1/2018,17:31:49,2402,6,off,35.30718994,-80.72524262,Silver,Lot 5A
322959,11/1/2018,17:31:57,2402,9,on,35.30718994,-80.72524262,Silver,Lot 5A
322960,11/1/2018,17:32:31,2402,1,on,35.30632019,-80.72684479,Silver,East Deck 2
322966,11/1/2018,17:33:57,2402,2,off,35.30755234,-80.72934723,Silver,Fretwell N
322967,11/1/2018,17:33:59,2402,1,on,35.30755234,-80.72934723,Silver,Fretwell N
322971,11/1/2018,17:34:45,2402,1,on,35.30818176,-80.73018646,Silver,Aux Services West
322972,11/1/2018,17:34:47,2402,5,off,35.30818176,-80.73018646,Silver,Aux Services West
322982,11/1/2018,17:36:15,2402,11,off,35.30814743,-80.73246765,Silver,Student Union W
322990,11/1/2018,17:36:57,2402,12,on,35.30814743,-80.73246765,Silver,Student Union W
323023,11/1/2018,17:41:57,2402,6,off,35.30932236,-80.74131775,Silver,Athletics Complex W
323025,11/1/2018,17:42:47,2402,1,off,35.31093979,-80.74150848,Silver,Grigg Hall W
323037,11/1/2018,17:44:43,2402,6,off,35.31107712,-80.74311066,Silver,Portal W
323048,11/1/2018,17:45:51,2402,1,off,35.30939484,-80.74414063,Silver,CRI Deck
323049,11/1/2018,17:45:57,2402,3,on,35.30939484,-80.74414063,Silver,CRI Deck
323063,11/1/2018,17:47:59,2402,1,on,35.30943298,-80.74410248,Silver,CRI Deck
323065,11/1/2018,17:49:03,2402,1,on,35.31168747,-80.74241638,Silver,PORTAL East
323075,11/1/2018,17:50:55,2402,5,on,35.30989456,-80.74186707,Silver,EPIC N
323087,11/1/2018,17:52:57,2402,2,on,35.30797958,-80.73473358,Silver,Woodward Hall East
323094,11/1/2018,17:54:07,2402,3,off,35.30809021,-80.73271179,Silver,Student Union E
323095,11/1/2018,17:54:09,2402,7,on,35.30809021,-80.73271179,Silver,Student Union E
323096,11/1/2018,17:54:57,2402,3,on,35.30806732,-80.73039246,Silver,Aux Services East
323103,11/1/2018,17:55:47,2402,1,on,35.309021,-80.72927856,Silver,Hickory Hall North
323104,11/1/2018,17:56:21,2402,1,off,35.3107605,-80.72927856,Silver,Student Health N
323109,11/1/2018,17:57:19,2402,7,off,35.31030273,-80.72666168,Silver,Martin Hall
323111,11/1/2018,17:57:53,2402,9,on,35.31030273,-80.72666168,Silver,Martin Hall
323113,11/1/2018,17:58:51,2402,4,on,35.30875397,-80.7250824,Silver,Lot 6
323114,11/1/2018,17:58:55,2402,8,off,35.30875397,-80.7250824,Silver,Lot 6
323120,11/1/2018,17:59:57,2402,3,off,35.30717087,-80.72527313,Silver,Lot 5A
323121,11/1/2018,17:59:59,2402,2,on,35.30717087,-80.72527313,Silver,Lot 5A
323129,11/1/2018,18:01:45,2402,5,off,35.30755997,-80.72932434,Silver,Fretwell N
323134,11/1/2018,18:03:15,2402,7,off,35.30813217,-80.73267365,Silver,Student Union W
323136,11/1/2018,18:03:54,2402,8,on,35.30813217,-80.73267365,Silver,Student Union W
323145,11/1/2018,18:05:06,2402,1,off,35.30813217,-80.73267365,Silver,Student Union W
323150,11/1/2018,18:06:00,2402,4,on,35.30812454,-80.73271179,Silver,Student Union W
323158,11/1/2018,18:08:26,2402,1,off,35.30742645,-80.73980713,Silver,Athletics Complex W
323168,11/1/2018,18:09:20,2402,1,off,35.30934906,-80.74131012,Silver,Athletics Complex W
323179,11/1/2018,18:12:38,2402,7,off,35.31109238,-80.7430954,Silver,Portal W
323186,11/1/2018,18:14:00,2402,6,off,35.30941391,-80.74408722,Silver,CRI Deck
323192,11/1/2018,18:14:28,2402,6,on,35.30941391,-80.74408722,Silver,CRI Deck
323202,11/1/2018,18:16:04,2402,2,on,35.3117218,-80.74240875,Silver,PORTAL East
323205,11/1/2018,18:16:48,2402,3,on,35.31235886,-80.74171448,Silver,Duke Centennial Hall East
323216,11/1/2018,18:18:24,2402,1,on,35.31101608,-80.7414093,Silver,Grigg Hall E
323218,11/1/2018,18:18:58,2402,1,on,35.30988693,-80.74182892,Silver,EPIC N
323226,11/1/2018,18:20:28,2402,1,on,35.30740356,-80.73986816,Silver,Athletics Complex E
323241,11/1/2018,18:22:50,2402,2,off,35.30804825,-80.73273468,Silver,Student Union E
323242,11/1/2018,18:23:16,2402,10,on,35.30804825,-80.73273468,Silver,Student Union E
323245,11/1/2018,18:24:12,2402,3,off,35.30802918,-80.73040772,Silver,Aux Services East
323246,11/1/2018,18:24:14,2402,1,on,35.30802918,-80.73040772,Silver,Aux Services East
323254,11/1/2018,18:26:08,2402,1,off,35.31077194,-80.72928619,Silver,Student Health N
323261,11/1/2018,18:27:11,2402,3,on,35.31031036,-80.72668457,Silver,Martin Hall
323262,11/1/2018,18:27:17,2402,9,off,35.31031036,-80.72668457,Silver,Martin Hall
323264,11/1/2018,18:28:27,2402,3,on,35.30873489,-80.72505951,Silver,Lot 6
323265,11/1/2018,18:28:33,2402,7,off,35.30873489,-80.72505951,Silver,Lot 6
323277,11/1/2018,18:30:27,2402,2,off,35.30720139,-80.72524262,Silver,Lot 5A
323278,11/1/2018,18:30:29,2402,4,on,35.30720139,-80.72524262,Silver,Lot 5A
323283,11/1/2018,18:32:33,2402,3,off,35.30755997,-80.72933197,Silver,Fretwell N
323287,11/1/2018,18:33:31,2402,2,off,35.30815506,-80.73018646,Silver,Aux Services West
323293,11/1/2018,18:34:47,2402,5,off,35.30812073,-80.73262787,Silver,Student Union W
323296,11/1/2018,18:35:17,2402,1,off,35.30813217,-80.73265076,Silver,Student Union W
323297,11/1/2018,18:35:21,2402,12,on,35.30813217,-80.73265076,Silver,Student Union W
323312,11/1/2018,18:40:03,2402,2,off,35.30746079,-80.73989868,Silver,Athletics Complex W
323318,11/1/2018,18:40:57,2402,2,off,35.30934143,-80.74134064,Silver,Athletics Complex W
323320,11/1/2018,18:41:41,2402,2,off,35.31095505,-80.74151611,Silver,Grigg Hall W
323326,11/1/2018,18:43:25,2402,3,off,35.31107712,-80.7430954,Silver,Portal W
323333,11/1/2018,18:44:31,2402,1,on,35.30941773,-80.7440567,Silver,CRI Deck
323334,11/1/2018,18:44:33,2402,3,off,35.30941773,-80.7440567,Silver,CRI Deck
323338,11/1/2018,18:46:05,2402,5,on,35.31235504,-80.74171448,Silver,Duke Centennial Hall East
323344,11/1/2018,18:47:35,2402,2,on,35.30992508,-80.74185944,Silver,EPIC N
323350,11/1/2018,18:48:37,2402,1,on,35.30739212,-80.73984528,Silver,Athletics Complex E
323362,11/1/2018,18:50:05,2402,3,off,35.3079834,-80.73470306,Silver,Woodward Hall East
323365,11/1/2018,18:50:11,2402,7,on,35.3079834,-80.73470306,Silver,Woodward Hall East
323371,11/1/2018,18:51:13,2402,1,off,35.30812454,-80.73284149,Silver,Student Union E
323372,11/1/2018,18:51:37,2402,5,on,35.30811691,-80.73281097,Silver,Student Union E
323376,11/1/2018,18:52:27,2402,1,on,35.30805588,-80.73040009,Silver,Aux Services East
323380,11/1/2018,18:53:53,2402,1,on,35.30899811,-80.72926331,Silver,Hickory Hall North
323384,11/1/2018,18:54:39,2402,2,off,35.31074524,-80.72922516,Silver,Student Health N
323385,11/1/2018,18:54:41,2402,2,on,35.31074524,-80.72922516,Silver,Student Health N
323392,11/1/2018,18:56:37,2402,3,off,35.31028748,-80.72666168,Silver,Martin Hall
323395,11/1/2018,18:57:43,2402,4,on,35.30879593,-80.72505951,Silver,Lot 6
323396,11/1/2018,18:57:49,2402,11,off,35.30879593,-80.72505951,Silver,Lot 6
323402,11/1/2018,18:59:07,2402,2,on,35.3071785,-80.72528076,Silver,Lot 5A
323403,11/1/2018,18:59:09,2402,5,off,35.3071785,-80.72528076,Silver,Lot 5A
323408,11/1/2018,18:59:53,2402,1,on,35.30635834,-80.72679138,Silver,East Deck 2
323413,11/1/2018,19:01:21,2402,3,off,35.30747986,-80.72929382,Silver,Fretwell N
323420,11/1/2018,19:02:58,2402,2,on,35.30812454,-80.73261261,Silver,Student Union W
323421,11/1/2018,19:03:04,2402,3,off,35.30812454,-80.73261261,Silver,Student Union W
323431,11/1/2018,19:05:52,2402,1,off,35.3093338,-80.74133301,Silver,Athletics Complex W
323450,11/1/2018,19:10:58,2402,1,off,35.30941773,-80.74404144,Silver,CRI Deck
323452,11/1/2018,19:11:12,2402,1,on,35.30941773,-80.74404144,Silver,CRI Deck
323474,11/1/2018,19:16:12,2402,1,off,35.31235123,-80.74167633,Silver,Duke Centennial Hall East
323501,11/1/2018,19:23:08,2402,2,on,35.30810928,-80.73273468,Silver,Student Union E
323508,11/1/2018,19:24:42,2402,1,on,35.30810928,-80.73273468,Silver,Student Union E
323519,11/1/2018,19:27:36,2402,1,off,35.31074905,-80.72927094,Silver,Student Health N
323523,11/1/2018,19:28:44,2402,1,off,35.31029129,-80.72664642,Silver,Martin Hall
323524,11/1/2018,19:28:46,2402,2,on,35.31029129,-80.72664642,Silver,Martin Hall
323527,11/1/2018,19:29:52,2402,1,off,35.30880737,-80.72506714,Silver,Lot 6
323528,11/1/2018,19:29:54,2402,3,on,35.30880737,-80.72506714,Silver,Lot 6
323532,11/1/2018,19:31:06,2402,1,on,35.30718613,-80.72525024,Silver,Lot 5A
323564,11/1/2018,19:36:37,2402,4,off,35.30814362,-80.73266602,Silver,Student Union W
323566,11/1/2018,19:36:57,2402,1,on,35.30814362,-80.73266602,Silver,Student Union W
323587,11/1/2018,19:41:37,2402,1,on,35.30744934,-80.73986054,Silver,Athletics Complex W
323590,11/1/2018,19:42:39,2402,2,on,35.30934525,-80.74134064,Silver,Athletics Complex W
323595,11/1/2018,19:45:05,2402,3,off,35.31110001,-80.7430954,Silver,Portal W
323600,11/1/2018,19:46:13,2402,3,off,35.30934525,-80.74419403,Silver,CRI Deck
323601,11/1/2018,19:46:33,2402,1,on,35.30935669,-80.74417114,Silver,CRI Deck
323606,11/1/2018,19:47:31,2402,1,on,35.31166458,-80.74243927,Silver,PORTAL East
323609,11/1/2018,19:48:25,2402,11,on,35.31236649,-80.74169922,Silver,Duke Centennial Hall East
323614,11/1/2018,19:49:51,2402,8,on,35.31098175,-80.7414093,Silver,Grigg Hall E
323619,11/1/2018,19:50:27,2402,3,on,35.30988312,-80.74182129,Silver,EPIC N
323623,11/1/2018,19:51:31,2402,2,on,35.30739212,-80.73983002,Silver,Athletics Complex E
323634,11/1/2018,19:54:11,2402,6,off,35.30809784,-80.73282623,Silver,Student Union E
323635,11/1/2018,19:54:17,2402,5,on,35.30809784,-80.73282623,Silver,Student Union E
323636,11/1/2018,19:55:19,2402,2,on,35.30802918,-80.73036194,Silver,Aux Services East
323638,11/1/2018,19:55:35,2402,15,off,35.30802918,-80.73036194,Silver,Aux Services East
323642,11/1/2018,19:56:43,2402,1,off,35.31059265,-80.72928619,Silver,Student Health N
323647,11/1/2018,19:57:47,2402,5,off,35.31028748,-80.72664642,Silver,Martin Hall
323652,11/1/2018,19:58:35,2402,2,off,35.30877686,-80.72506714,Silver,Lot 6
323654,11/1/2018,19:59:46,2402,2,on,35.30721664,-80.72525024,Silver,Lot 5A
323656,11/1/2018,19:59:54,2402,6,off,35.30721664,-80.72525024,Silver,Lot 5A
323665,11/1/2018,20:01:48,2402,1,on,35.30757141,-80.7293396,Silver,Fretwell N
323668,11/1/2018,20:02:36,2402,1,off,35.30815506,-80.73023224,Silver,Aux Services West
323671,11/1/2018,20:03:20,2402,1,off,35.3081398,-80.73265076,Silver,Student Union W
323672,11/1/2018,20:03:46,2402,5,on,35.3081398,-80.73265076,Silver,Student Union W
323692,11/1/2018,20:09:02,2402,6,off,35.31108856,-80.74305725,Silver,Portal W
323699,11/1/2018,20:11:32,2402,2,on,35.31236267,-80.74173737,Silver,Duke Centennial Hall East
323721,11/1/2018,20:17:20,2402,10,on,35.30805206,-80.73274994,Silver,Student Union E
323729,11/1/2018,20:21:02,2402,5,off,35.31029892,-80.72665405,Silver,Martin Hall
323738,11/1/2018,20:22:28,2402,3,off,35.30874634,-80.72506714,Silver,Lot 6
323739,11/1/2018,20:22:34,2402,7,on,35.30874634,-80.72506714,Silver,Lot 6
323743,11/1/2018,20:23:54,2402,3,off,35.30720139,-80.72523499,Silver,Lot 5A
323744,11/1/2018,20:23:56,2402,5,on,35.30720139,-80.72523499,Silver,Lot 5A
323756,11/1/2018,20:26:26,2402,12,off,35.30757904,-80.72933197,Silver,Fretwell N
323762,11/1/2018,20:28:53,2402,3,on,35.30816269,-80.73020935,Silver,Aux Services West
323783,11/1/2018,20:33:15,2402,1,on,35.30936813,-80.74130249,Silver,Athletics Complex W
323786,11/1/2018,20:33:25,2402,2,off,35.30936813,-80.74130249,Silver,Athletics Complex W
323796,11/1/2018,20:36:17,2402,2,off,35.31108093,-80.74308777,Silver,Portal W
323802,11/1/2018,20:37:49,2402,8,on,35.30938721,-80.74411774,Silver,CRI Deck
323819,11/1/2018,20:41:51,2402,1,on,35.31235504,-80.741745,Silver,Duke Centennial Hall East
323830,11/1/2018,20:43:49,2402,3,on,35.30989838,-80.74185181,Silver,EPIC N
323836,11/1/2018,20:46:17,2402,2,on,35.30795288,-80.73474884,Silver,Woodward Hall East
323840,11/1/2018,20:47:19,2402,2,off,35.30806351,-80.73271942,Silver,Student Union E
323843,11/1/2018,20:47:51,2402,5,on,35.30806351,-80.73271942,Silver,Student Union E
323847,11/1/2018,20:49:07,2402,9,off,35.30804443,-80.73041534,Silver,Aux Services East
323849,11/1/2018,20:50:41,2402,2,off,35.31092072,-80.72930145,Silver,Student Health N
323855,11/1/2018,20:51:59,2402,1,on,35.31032181,-80.72667694,Silver,Martin Hall
323856,11/1/2018,20:52:01,2402,3,off,35.31032181,-80.72667694,Silver,Martin Hall
323863,11/1/2018,20:53:09,2402,3,off,35.30877686,-80.72505951,Silver,Lot 6
323869,11/1/2018,20:54:33,2402,3,on,35.30716324,-80.72525787,Silver,Lot 5A
323873,11/1/2018,20:56:41,2402,4,off,35.30759811,-80.72930908,Silver,Fretwell N
323879,11/1/2018,20:58:57,2402,7,on,35.3081665,-80.73271942,Silver,Student Union W
323893,11/1/2018,21:03:14,2402,1,off,35.31094742,-80.74150085,Silver,Grigg Hall W
323900,11/1/2018,21:05:42,2402,3,off,35.31112671,-80.74308014,Silver,Portal W
323905,11/1/2018,21:07:02,2402,1,off,35.30942535,-80.74408722,Silver,CRI Deck
323907,11/1/2018,21:07:22,2402,4,on,35.30942535,-80.74408722,Silver,CRI Deck
323938,11/1/2018,21:16:12,2402,1,off,35.30796051,-80.73479462,Silver,Woodward Hall East
323939,11/1/2018,21:16:14,2402,1,on,35.30796051,-80.73479462,Silver,Woodward Hall East
323942,11/1/2018,21:17:16,2402,5,on,35.30805588,-80.73275757,Silver,Student Union E
323947,11/1/2018,21:18:28,2402,1,on,35.30805588,-80.73275757,Silver,Student Union E
323950,11/1/2018,21:19:50,2402,3,on,35.30805206,-80.73041534,Silver,Aux Services East
323952,11/1/2018,21:21:32,2402,1,off,35.31082535,-80.72930145,Silver,Student Health N
323956,11/1/2018,21:22:40,2402,4,on,35.31030273,-80.72666931,Silver,Martin Hall
323957,11/1/2018,21:22:44,2402,5,off,35.31030273,-80.72666931,Silver,Martin Hall
323963,11/1/2018,21:24:00,2402,6,off,35.30876923,-80.72505188,Silver,Lot 6
323970,11/1/2018,21:25:38,2402,3,off,35.30720902,-80.72525024,Silver,Lot 5A
323971,11/1/2018,21:25:40,2402,1,on,35.30720902,-80.72525024,Silver,Lot 5A
323976,11/1/2018,21:27:58,2402,1,off,35.30762482,-80.72935486,Silver,Fretwell N
323986,11/1/2018,21:30:00,2402,4,off,35.30816269,-80.73265839,Silver,Student Union W
324006,11/1/2018,21:35:12,2402,1,on,35.30937576,-80.7413559,Silver,Athletics Complex W
324027,11/1/2018,21:43:55,2402,1,on,35.31235123,-80.74173737,Silver,Duke Centennial Hall East
324041,11/1/2018,21:48:57,2402,1,on,35.30807877,-80.73272705,Silver,Student Union E
324043,11/1/2018,21:51:11,2402,1,on,35.31071854,-80.72930145,Silver,Student Health N
324047,11/1/2018,21:52:23,2402,1,on,35.31028748,-80.72666168,Silver,Martin Hall
324049,11/1/2018,21:52:27,2402,1,off,35.31028748,-80.72666168,Silver,Martin Hall
324052,11/1/2018,21:53:25,2402,1,off,35.30879593,-80.72504425,Silver,Lot 6
324056,11/1/2018,21:54:47,2402,1,on,35.30719757,-80.72525787,Silver,Lot 5A
324057,11/1/2018,21:54:51,2402,2,off,35.30719757,-80.72525787,Silver,Lot 5A
324064,11/1/2018,21:56:43,2402,1,off,35.30757904,-80.72933197,Silver,Fretwell N
324070,11/1/2018,21:58:13,2402,1,off,35.30814743,-80.73266602,Silver,Student Union W
324074,11/1/2018,21:58:23,2402,1,on,35.30814743,-80.73266602,Silver,Student Union W
